lang_key;translation_key;translation_text;verified;translated
en;FACILITY_NAME;Facility Name;FALSE;FALSE
en;FACILITY_TYPE;Facility Type;FALSE;FALSE
en;WEEKLY_PATIENT_FLOW;Weekly Patient Flow;FALSE;FALSE
en;ADMISSIONS,_DISCHARGES,_AND_EMERGENCY_VISITS;Admissions, discharges, and emergency visits;FALSE;FALSE
en;CLICK_ON_A_BAR_TO_SELECT;Click on a bar to select;FALSE;FALSE
en;PATIENT_DISTRIBUTION_BY_DEPARTMENT;Patient Distribution by Department;FALSE;FALSE
en;CURRENT_PATIENT_ALLOCATION;Current patient allocation;FALSE;FALSE
en;CLICK_ON_A_SEGMENT_TO_SELECT;Click on a segment to select;FALSE;FALSE
en;TOP_DIAGNOSE;Top Diagnose;FALSE;FALSE
en;MOST_COMMON_DIAGNOSES_THIS_MONTH;Most common diagnoses this month;FALSE;FALSE
en;TOP_MEDICATIONS;Top Medications;FALSE;FALSE
en;MOST_PRESCRIBED_MEDICATIONS_THIS_MONTH;Most prescribed medications this month;FALSE;FALSE
en;TOP_LAB_FINDINGS;Top Lab Findings;FALSE;FALSE
en;MOST_FREQUENT_LAB_TEST_FINDINGS;Most frequent lab test findings;FALSE;FALSE
en;ICON;Icon;FALSE;FALSE
en;VIEW_ORDER;View Order;FALSE;FALSE
en;ROWS_PER_PAGE;Rows per page;FALSE;FALSE
en;OF;of;FALSE;FALSE
en;FULL_NAME;Full Name;FALSE;FALSE
en;USER_NAME;User Name;FALSE;FALSE
en;SPECIFY_SCREEN_METADATA_TO_CONFIGURE_VALIDATION_RULES;Specify screen metadata to configure validation rules;FALSE;FALSE
en;VALIDATION_RULES;Validation Rules;FALSE;FALSE
en;RULE_COMBINATIONS;Rule Combinations;FALSE;FALSE
en;FIELD_NAME;Field Name;FALSE;FALSE
en;DATA_TYPE;Data Type;FALSE;FALSE
en;RULE_TYPE;Rule Type;FALSE;FALSE
en;RULE_VALUE;Rule Value;FALSE;FALSE
en;SECONDARY_RULE_VALUE;Secondary Rule Value;FALSE;FALSE
en;IS_DEPENDANT;Is Dependant;FALSE;FALSE
en;MODULES;Modules;FALSE;FALSE
en;USERS;Users;FALSE;FALSE
en;DATA_VALIDATION_MANAGER;Data Validation Manager;FALSE;FALSE
en;FACILITIES;Facilities;FALSE;FALSE
en;DEPARTMENTS;Departments;FALSE;FALSE
en;EMAIL_ADDRESS;Email Address;FALSE;FALSE
en;STATUS;Status;FALSE;FALSE
en;DEPARTMENT_TYPE;Department Type;FALSE;FALSE
en;DEPARTMENT_NAME;Department Name;FALSE;FALSE
en;PHONE_NUMBER;Phone Number;FALSE;FALSE
en;EMAIL;Email;FALSE;FALSE
en;DEPARTMENT_CODE;Department Code;FALSE;FALSE
en;ENCOUNTER_TYPE;Encounter Type;FALSE;FALSE
en;JOB_ROLE;job Role;FALSE;FALSE
en;FACILITY;Facility;FALSE;FALSE
en;ACCESS_ROLE;Access Role;FALSE;FALSE
en;IS_VALID;Is Valid;FALSE;FALSE
en;FIRST_NAME;First Name;FALSE;FALSE
en;LAST_NAME;Last Name;FALSE;FALSE
en;SPECIALTY;Specialty;FALSE;FALSE
en;PRACTITIONERS;Practitioners;FALSE;FALSE
en;CHECKLISTS;Checklists;FALSE;FALSE
en;CHEKLIST_NAME;cheklist Name;FALSE;FALSE
en;QUESTIONNAIRE;Questionnaire;FALSE;FALSE
en;QUESTIONNAIRE_NAME;Questionnaire Name;FALSE;FALSE
en;QUESTIONNAIRE_TYPE;Questionnaire Type;FALSE;FALSE
en;SEQUENCE_OR_FULL_VIEW;Sequence or Full View;FALSE;FALSE
en;RESOURCES;Resources;FALSE;FALSE
en;RESOURCE_NAME;Resource Name;FALSE;FALSE
en;CREATION_DATE;Creation Date;FALSE;FALSE
en;CREATED_BY;Created By;FALSE;FALSE
en;UOM_GROUPS;UOM Groups;FALSE;FALSE
en;GROUP_NAME;Group Name;FALSE;FALSE
en;GROUP_CODE;Group code;FALSE;FALSE
en;ACTIVE_INGREDIENTS;Active Ingredients;FALSE;FALSE
en;CODE;Code;FALSE;FALSE
en;ACTIVE_INGREDIENTS_NAME;Active Ingredients Name;FALSE;FALSE
en;MEDICAL_CATEGORY;Medical Category;FALSE;FALSE
en;DRUG_CLASS;Drug Class;FALSE;FALSE
en;DRUG_TYPE;Drug Type;FALSE;FALSE
en;SELECT_FILTER;SELECT_FILTER;FALSE;FALSE
en;BRAND_MEDICATIONS_LIST;Brand Medications List;FALSE;FALSE
en;BRAND_NAME;Brand Name;FALSE;FALSE
en;MANUFACTURER;Manufacturer;FALSE;FALSE
en;DOSAGE_FORM;Dosage Form;FALSE;FALSE
en;USAGE_INSTRUCTIONS;Usage Instructions;FALSE;FALSE
en;ROA;ROA;FALSE;FALSE
en;EXPIRES_AFTER_OPENING;Expires After Opening;FALSE;FALSE
en;SINGLE_PATIENT_USE;Single Patient Use;FALSE;FALSE
en;LOVS;LOVs;FALSE;FALSE
en;NAME;Name;FALSE;FALSE
en;AUTO_SELECT_DEFAULT;Auto Select Default;FALSE;FALSE
en;DEFAULT_VALUE_KEY;Default Value Key;FALSE;FALSE
en;PARENT_LOV;Parent LOV;FALSE;FALSE
en;DENTAL_ACTIONS;Dental Actions;FALSE;FALSE
en;IMAGE_NAME;Image Name;FALSE;FALSE
en;VACCINE_NAME;Vaccine Name;FALSE;FALSE
en;ATC_CODE;ATC Code;FALSE;FALSE
en;DOSES_NUMBER;Doses Number;FALSE;FALSE
en;VACCINE;Vaccine;FALSE;FALSE
en;MEDICATION_SCHEDULE_SETUP;Medication Schedule Setup;FALSE;FALSE
en;FIRST_DOSE_TIME;First Dose Time;FALSE;FALSE
en;FREQUENCY;Frequency;FALSE;FALSE
en;VISIT_DURATION_SETUP;Visit Duration Setup;FALSE;FALSE
en;LIGHT;LIGHT;FALSE;FALSE
en;DARK;DARK;FALSE;FALSE
en;DURATION;Duration;FALSE;FALSE
en;RESOURCE_SPECIFIC;Resource Specific;FALSE;FALSE
en;RESOURCE;Resource;FALSE;FALSE
en;CREATED_BY\AT;Created By\At;FALSE;FALSE
en;ADD;ADD;FALSE;FALSE
en;ALLERGENS;Allergens;FALSE;FALSE
en;ALLERGENS_CODE;Allergens Code;FALSE;FALSE
en;SEARCH;SEARCH;FALSE;FALSE
en;ALLERGENS_NAME;Allergens Name;FALSE;FALSE
en;ALLERGENS_TYPE;Allergens Type;FALSE;FALSE
en;AGE_GROUP;Age Group;FALSE;FALSE
en;ADD_NEW;ADD_NEW;FALSE;FALSE
en;AGE_FROM_UNIT;Age From Unit;FALSE;FALSE
en;AGE_TO_UNIT;Age To Unit;FALSE;FALSE
en;PROCEDURE_SETUP;Procedure Setup;FALSE;FALSE
en;PROCEDURE_NAME;Procedure Name;FALSE;FALSE
en;CATEGORY;Category;FALSE;FALSE
en;OPERATION_SETUP;Operation Setup;FALSE;FALSE
en;PURCHASE_APPROVAL;Purchase Approval;FALSE;FALSE
en;TYPES_OF_PURCHASE;Types of Purchase;FALSE;FALSE
en;APPROVAL_BY;Approval by;FALSE;FALSE
en;RESPONSIBLE_DEPARTMENT;Responsible Department;FALSE;FALSE
en;HIERARCHY_OF_APPROVAL;Hierarchy of Approval;FALSE;FALSE
en;SERVICES;Services;FALSE;FALSE
en;SERVICE_NAME;Service Name;FALSE;FALSE
en;ENTER_VALUE;ENTER_VALUE;FALSE;FALSE
en;ABBREVIATION;Abbreviation;FALSE;FALSE
en;PRICE;Price;FALSE;FALSE
en;CURRENCY;Currency;FALSE;FALSE
en;SEARCH_BY_NAME;SEARCH_BY_NAME;FALSE;FALSE
en;MEDICATION_MATRIX_SETUP;Medication Matrix SetUp;FALSE;FALSE
en;THERAPEUTIC_CATEGORY_NAME;Therapeutic Category Name;FALSE;FALSE
en;MEDICATION_CLASS;Medication Class;FALSE;FALSE
en;ACTIVE_INGREDIENT;Active Ingredient;FALSE;FALSE
en;DIAGNOSTICS_TESTS_DEFINITION;Diagnostics Tests Definition;FALSE;FALSE
en;TYPE;Type;FALSE;FALSE
en;INTERNAL_CODE;Internal Code;FALSE;FALSE
en;STANDARD_CODE;Standard Code;FALSE;FALSE
en;IS_PROFILE;Is Profile;FALSE;FALSE
en;CATALOG;Catalog;FALSE;FALSE
en;CATALOG_NAME;Catalog Name;FALSE;FALSE
en;DEPARTMENT;Department;FALSE;FALSE
en;POTINTIAL_DUPLICATE;Potintial Duplicate;FALSE;FALSE
en;DATE_OF_BARITH;Date Of Barith;FALSE;FALSE
en;MOBILE_NUMBER;Mobile Number;FALSE;FALSE
en;SEX_AT_BARITH;Sex At Barith;FALSE;FALSE
en;DOSE;Dose;FALSE;FALSE
en;UNIT;Unit;FALSE;FALSE
en;ROUT;Rout;FALSE;FALSE
en;ROOMS;Rooms;FALSE;FALSE
en;ROOM_NAME;Room Name;FALSE;FALSE
en;FLOOR;Floor;FALSE;FALSE
en;LOCATION_DETAILS;Location Details;FALSE;FALSE
en;GENDER_SPACIFIC;Gender Spacific;FALSE;FALSE
en;BED_COUNT;Bed Count;FALSE;FALSE
en;CPT_DIAGNOSIS_LIST;CPT Diagnosis List;FALSE;FALSE
en;ICD-10_DIAGNOSIS_LIST;ICD-10 Diagnosis List;FALSE;FALSE
en;SHORT_DESCRIPTION;Short Description;FALSE;FALSE
en;FULL_DESCRIPTION;Full Description;FALSE;FALSE
en;LOINC_LIST;LOINC List;FALSE;FALSE
en;CDT_CODES;CDT Codes;FALSE;FALSE
en;CLASS;Class;FALSE;FALSE
en;EDIT_SELECTED;EDIT_SELECTED;FALSE;FALSE
en;DELETE_SELECTED;DELETE_SELECTED;FALSE;FALSE
en;LINKED_SERVICES;LINKED_SERVICES;FALSE;FALSE
en;INFORMATION_DESK;Information Desk;FALSE;FALSE
en;CREATE_NEW_PATIENT;CREATE_NEW_PATIENT;FALSE;FALSE
en;QUICK_PATIENT;QUICK_PATIENT;FALSE;FALSE
en;INPATIENT;Inpatient;FALSE;FALSE
en;DAYCASE;DayCase;FALSE;FALSE
en;CLINICS;Clinics;FALSE;FALSE
en;EMERGENCY;Emergency;FALSE;FALSE
en;FROM_DATE;From Date;FALSE;FALSE
en;TO_DATE;To Date;FALSE;FALSE
en;ADVANCE;ADVANCE;FALSE;FALSE
en;EXPORT_TO_XSL;EXPORT_TO_XSL;FALSE;FALSE
en;PRINT_CARD;PRINT_CARD;FALSE;FALSE
en;CANCELLED_ADMISSIONS;CANCELLED_ADMISSIONS;FALSE;FALSE
en;DISCHARGED_PATIENTS;DISCHARGED_PATIENTS;FALSE;FALSE
en;COMPANION_CARD;Companion Card;FALSE;FALSE
en;PATIENT_NAME;Patient Name;FALSE;FALSE
en;MRN;MRN;FALSE;FALSE
en;VISIT_TYPE;Visit Type;FALSE;FALSE
en;ROOM;Room;FALSE;FALSE
en;LOCATION;Location;FALSE;FALSE
en;DAYS_OF_STAYING;Days of Staying;FALSE;FALSE
en;ENCOUNTER_STATUS;Encounter Status;FALSE;FALSE
en;SEARCH_PATIENTS;SEARCH_PATIENTS;FALSE;FALSE
en;CANCELLED_FROM;Cancelled From;FALSE;FALSE
en;CANCELLED_TO;Cancelled To;FALSE;FALSE
en;AGE;Age;FALSE;FALSE
en;CANCELLATION_BY\AT;Cancellation By\At;FALSE;FALSE
en;CANCELLATION_REASON;Cancellation Reason;FALSE;FALSE
en;PATIENT_BALANCE;Patient Balance;FALSE;FALSE
en;DISCHARGE_FROM;Discharge From;FALSE;FALSE
en;DISCHARGE_TO;Discharge To;FALSE;FALSE
en;SEARCH_BY;Search by;FALSE;FALSE
en;DISCHARGE_TYPE;Discharge Type;FALSE;FALSE
en;DISCHARGE_BY\AT;Discharge By\At;FALSE;FALSE
en;ADMISSION_BY\AT;Admission By\At;FALSE;FALSE
en;RESPONSIBLE_PHYSICIAN;Responsible Physician;FALSE;FALSE
en;PATIENT_REGISTRATION;Patient Registration;FALSE;FALSE
en;SCAN_DOCUMENT;SCAN_DOCUMENT;FALSE;FALSE
en;SAVE;SAVE;FALSE;FALSE
en;CLEAR;CLEAR;FALSE;FALSE
en;ADMINISTRATICE_WARNINGS;ADMINISTRATICE_WARNINGS;FALSE;FALSE
en;BASIC_INFORMATION;Basic Information;FALSE;FALSE
en;SECOND_NAME;Second Name;FALSE;FALSE
en;THIRD_NAME;Third Name;FALSE;FALSE
en;DOB;DOB;FALSE;FALSE
en;SEX_AT_BIRTH;Sex at Birth;FALSE;FALSE
en;PATIENT_CATEGORY;Patient Category;FALSE;FALSE
en;PATIENT_CLASS;Patient Class;FALSE;FALSE
en;PRIVATE_PATIENT;Private Patient;FALSE;FALSE
en;FIRST_NAME_(SEC._LANG);First Name (Sec. Lang);FALSE;FALSE
en;SECOND_NAME_(SEC._LANG);Second Name (Sec. Lang);FALSE;FALSE
en;THIRD_NAME_(SEC._LANG);Third Name (Sec. Lang);FALSE;FALSE
en;LAST_NAME_(SEC._LANG);Last Name (Sec. Lang);FALSE;FALSE
en;CONTACT;Contact;FALSE;FALSE
en;PRIMARY_MOBILE_NUMBER;Primary Mobile Number;FALSE;FALSE
en;RECEIVE_SMS;Receive SMS;FALSE;FALSE
en;SECONDARY_MOBILE_NUMBER;Secondary Mobile Number;FALSE;FALSE
en;HOME_PHONE;Home Phone;FALSE;FALSE
en;WORK_PHONE;Work Phone;FALSE;FALSE
en;RECEIVE_EMAIL;Receive Email;FALSE;FALSE
en;PREFERRED_WAY_OF_CONTACT;Preferred Way of Contact;FALSE;FALSE
en;NATIVE_LANGUAGE;Native Language;FALSE;FALSE
en;EMERGENCY_CONTACT_NAME;Emergency Contact Name;FALSE;FALSE
en;EMERGENCY_CONTACT_RELATION;Emergency Contact Relation;FALSE;FALSE
en;EMERGENCY_CONTACT_PHONE;Emergency Contact Phone;FALSE;FALSE
en;ROLE;Role;FALSE;FALSE
en;DOCUMENT;Document;FALSE;FALSE
en;DOCUMENT_TYPE;Document Type;FALSE;FALSE
en;DOCUMENT_COUNTRY;Document Country;FALSE;FALSE
en;DOCUMENT_NUMBER;Document Number;FALSE;FALSE
en;ADDRESS;Address;FALSE;FALSE
en;COUNTRY;Country;FALSE;FALSE
en;ADDRESS_CHANGE_LOG;ADDRESS_CHANGE_LOG;FALSE;FALSE
en;STATE/PROVINCE;State/Province;FALSE;FALSE
en;CITY;City;FALSE;FALSE
en;STREET_NAME;Street Name;FALSE;FALSE
en;HOUSE/APARTMENT_NUMBER;House/Apartment Number;FALSE;FALSE
en;POSTAL/ZIP_CODE;Postal/ZIP code;FALSE;FALSE
en;ADDITIONAL_ADDRESS_LINE;Additional Address Line;FALSE;FALSE
en;COUNTRY_ID;Country ID;FALSE;FALSE
en;APPOINTMENTS;Appointments;FALSE;FALSE
en;KEY;key;FALSE;FALSE
en;DATE;Date;FALSE;FALSE
en;PHYSICIAN;Physician;FALSE;FALSE
en;APPOINTMENT_DATE;Appointment Date;FALSE;FALSE
en;RESOURCE_TYPE;Resource Type;FALSE;FALSE
en;DEMOGRAPHICS;DEMOGRAPHICS;FALSE;FALSE
en;EXTRA_DETAILS;EXTRA_DETAILS;FALSE;FALSE
en;MARITAL_STATUS;Marital Status;FALSE;FALSE
en;NATIONALITY;Nationality;FALSE;FALSE
en;RELIGION;Religion;FALSE;FALSE
en;ETHNICITY;Ethnicity;FALSE;FALSE
en;OCCUPATION;Occupation;FALSE;FALSE
en;RESPONSIBLE_PARTY;Responsible Party;FALSE;FALSE
en;EDUCATIONAL_LEVEL;Educational Level;FALSE;FALSE
en;PREVIOUS_ID;Previous ID;FALSE;FALSE
en;ARCHIVING_NUMBER;Archiving Number;FALSE;FALSE
en;DETAILS;Details;FALSE;FALSE
en;VISIT_HISTORY;Visit history;FALSE;FALSE
en;PRIORITY;Priority;FALSE;FALSE
en;INSURANCE;INSURANCE;FALSE;FALSE
en;NEW_INSURANCE;NEW_INSURANCE;FALSE;FALSE
en;EDIT;EDIT;FALSE;FALSE
en;SPECIFIC_COVERAGE;SPECIFIC_COVERAGE;FALSE;FALSE
en;DELETE;DELETE;FALSE;FALSE
en;INSURANCE_POLICY_NUMBER;Insurance Policy Number;FALSE;FALSE
en;GROUP_NUMBER;Group Number;FALSE;FALSE
en;INSURANCE_PLAN_TYPE;Insurance Plan Type;FALSE;FALSE
en;EXPIRATION_DATE;Expiration Date;FALSE;FALSE
en;PRIVACY&SECURITY;PRIVACY&SECURITY;FALSE;FALSE
en;HIPAA;HIPAA;FALSE;FALSE
en;NOTICE_OF_PRIVACY_PRACTICES;Notice of Privacy Practices;FALSE;FALSE
en;PRIVACY_AUTHORIZATION;Privacy Authorization;FALSE;FALSE
en;CONSENT_FROMS;CONSENT_FROMS;FALSE;FALSE
en;DATE_AND_TIME_OF_PROCEDURE;Date and Time of Procedure;FALSE;FALSE
en;CONSENT_STATUS;Consent Status;FALSE;FALSE
en;SIGN_DATE_AND_TIME;Sign Date and Time;FALSE;FALSE
en;PREFERRED_HEALTH_PROFESSIONAL;PREFERRED_HEALTH_PROFESSIONAL;FALSE;FALSE
en;NAME_OF_THE_HP;Name of the HP;FALSE;FALSE
en;SPECIALITY;Speciality;FALSE;FALSE
en;TELEPHONE_NO.;Telephone no.;FALSE;FALSE
en;HP_ORGANIZATION;HP Organization;FALSE;FALSE
en;NETWORK_AFFILIATION;Network Affiliation;FALSE;FALSE
en;RELATED_WITH;Related with;FALSE;FALSE
en;FAMILY_MEMBERS;FAMILY_MEMBERS;FALSE;FALSE
en;RELATION_TYPE;Relation Type;FALSE;FALSE
en;RELATIVE_PATIENT_NAME;Relative Patient Name;FALSE;FALSE
en;RELATION_CATEGORY;Relation Category;FALSE;FALSE
en;SECONDARY_ID;SECONDARY_ID;FALSE;FALSE
en;NEW_SECONDARY_DOCUMENT;NEW_SECONDARY_DOCUMENT;FALSE;FALSE
en;CREATED_AT/BY;CREATED AT/BY;FALSE;FALSE
en;UPDATED_AT/BY;UPDATED AT/BY;FALSE;FALSE
en;NEW_ATTACHMENT;NEW_ATTACHMENT;FALSE;FALSE
en;SEARCH_PATIENT;Search Patient;FALSE;FALSE
en;NEW_QUICK_APPOINTMENT;New Quick Appointment;FALSE;FALSE
en;FILES_MERGE;Files Merge;FALSE;FALSE
en;FROM_PATIENT;From Patient;FALSE;FALSE
en;GENDER_&_AGE;Gender & Age;FALSE;FALSE
en;DATE_OF_REGISTER;Date of Register;FALSE;FALSE
en;MERGE_TO;Merge To;FALSE;FALSE
en;UNDO;UNDO;FALSE;FALSE
en;SCHEDULING;Scheduling;FALSE;FALSE
en;FILTERS;Filters;FALSE;FALSE
en;RESOURCES_TYPE;Resources Type;FALSE;FALSE
en;SHOW_CANCELED;Show Canceled;FALSE;FALSE
en;WAITING_LIST;WAITING LIST;FALSE;FALSE
en;TODAY_APPOINTMENTS;today appointments;FALSE;FALSE
en;VIEW_APP_REQUESTS;VIEW_APP_REQUESTS;FALSE;FALSE
en;PRINT_REPORTS;PRINT_REPORTS;FALSE;FALSE
en;ADD_NEW_APPOINTMENTS;ADD_NEW_APPOINTMENTS;FALSE;FALSE
en;MOUNTH;MOUNTH;FALSE;FALSE
en;WEEK;WEEK;FALSE;FALSE
en;DAY;DAY;FALSE;FALSE
en;AGENDA;AGENDA;FALSE;FALSE
en;SECONDARY_DAYCASE;Secondary DayCase;FALSE;FALSE
en;INTERNAL_MEDICINE_CLINIC;Internal Medicine Clinic;FALSE;FALSE
en;EYE_CLINIC;Eye Clinic;FALSE;FALSE
en;REHABILITATION_CLINIC;Rehabilitation Clinic;FALSE;FALSE
en;CARDIOLOGY_CLINIC;Cardiology Clinic;FALSE;FALSE
en;3RD_FLOOR_PROCEDURE;3rd Floor Procedure;FALSE;FALSE
en;CARDIAC_CATHETERIZATION;Cardiac Catheterization;FALSE;FALSE
en;PEDIATRIC_CLINIC;Pediatric Clinic;FALSE;FALSE
en;GYNECOLOGY_CLINIC;Gynecology Clinic;FALSE;FALSE
en;JOHN_SMITH;John Smith;FALSE;FALSE
en;GENERAL_CLINIC;General Clinic;FALSE;FALSE
en;DENTAL_CLINIC;Dental Clinic;FALSE;FALSE
en;NO_SHOW;No Show;FALSE;FALSE
en;CHECKED_IN;Checked In;FALSE;FALSE
en;NEW;New;FALSE;FALSE
en;CONFIRMED;Confirmed;FALSE;FALSE
en;COMPLETED;Completed;FALSE;FALSE
en;TELE_CONSULTATION_SCREEN;Tele Consultation Screen;FALSE;FALSE
en;REQUEST_FROM;Request From;FALSE;FALSE
en;TO;to;FALSE;FALSE
en;GENDER;Gender;FALSE;FALSE
en;QUESTION_TO_CONSULTANT;Question To Consultant;FALSE;FALSE
en;EXPECTED_REPONES_DATE;Expected Repones Date;FALSE;FALSE
en;URGENCY;Urgency;FALSE;FALSE
en;ACTIONS;Actions;FALSE;FALSE
en;PATIENTS_EMR;Patients EMR;FALSE;FALSE
en;HISTORY;History;FALSE;FALSE
en;VISITS;Visits;FALSE;FALSE
en;CLINICAL;Clinical;FALSE;FALSE
en;DIAGNOSTICS;Diagnostics;FALSE;FALSE
en;TREATMENT;Treatment;FALSE;FALSE
en;DOCUMENTATION;Documentation;FALSE;FALSE
en;DOCUMENT_NO;Document No;FALSE;FALSE
en;PATIENT_INFORMATION;Patient Information;FALSE;FALSE
en;PHYSICAL_MEASUREMENTS;Physical Measurements;FALSE;FALSE
en;WEIGHT;Weight;FALSE;FALSE
en;HEIGHT;Height;FALSE;FALSE
en;H.C;H.C;FALSE;FALSE
en;BMI;BMI;FALSE;FALSE
en;BLOOD_GROUP;Blood Group;FALSE;FALSE
en;BSA;BSA;FALSE;FALSE
en;DIAGNOSIS;Diagnosis;FALSE;FALSE
en;PATIENTS_VISIT_LIST;Patients Visit List;FALSE;FALSE
en;CHIEF_COMPLAIN;CHIEF COMPLAIN;FALSE;FALSE
en;PRESCRIPTION;PRESCRIPTION;FALSE;FALSE
en;HAS_ORDER;HAS ORDER;FALSE;FALSE
en;IS_OBSERVED;IS OBSERVED;FALSE;FALSE
en;REFILL_STOCK;REFILL_STOCK;FALSE;FALSE
en;ACTIVE_CASES;Active Cases;FALSE;FALSE
en;TOTAL_PATIENTS;Total Patients;FALSE;FALSE
en;CANCELLED;Cancelled;FALSE;FALSE
en;PATIENT_STORY_IN_60_SECONDS;Patient Story in 60 Seconds;FALSE;FALSE
en;EXAMINATIONS;Examinations;FALSE;FALSE
en;LABS;Labs;FALSE;FALSE
en;MEDS;Meds;FALSE;FALSE
en;TESTS;Tests;FALSE;FALSE
en;CURRENT;Current;FALSE;FALSE
en;HIGH_RISK;High Risk;FALSE;FALSE
en;BODY_DIAGRAM;BODY_DIAGRAM;FALSE;FALSE
en;ACTIVE_ALLERGIES;ACTIVE_ALLERGIES;FALSE;FALSE
en;PROCEDURES;PROCEDURES;FALSE;FALSE
en;MEDICAL_WARNINGS;MEDICAL_WARNINGS;FALSE;FALSE
en;PATIENT_MAJOR_PROBLEM;PATIENT_MAJOR_PROBLEM;FALSE;FALSE
en;RECENT_TEST_RESULTS;RECENT_TEST_RESULTS;FALSE;FALSE
en;PATIENT_CHRONIC_MEDICATION;PATIENT_CHRONIC_MEDICATION;FALSE;FALSE
en;PATIENT_OBSERVATION;PATIENT_OBSERVATION;FALSE;FALSE
en;CREATE_FOLLOW_UP;CREATE_FOLLOW_UP;FALSE;FALSE
en;ADMIT_TO_INPATIENT;ADMIT_TO_INPATIENT;FALSE;FALSE
en;COMPLETE_VISIT;COMPLETE_VISIT;FALSE;FALSE
en;MEDICAL_SHEETS;MEDICAL_SHEETS;FALSE;FALSE
en;PLAY;PLAY;FALSE;FALSE
en;RESET;RESET;FALSE;FALSE
en;HIDE;HIDE;FALSE;FALSE
en;TO_PATIENTS_LIST;TO_PATIENTS_LIST;FALSE;FALSE
en;BACK;BACK;FALSE;FALSE
en;LAST_24-H_MEDICATIONS;Last 24-h Medications;FALSE;FALSE
en;MEDICATION_BRAND_NAME;Medication Brand Name;FALSE;FALSE
en;MEDICATION_ACTIVE_INGREDIENT(S);Medication Active Ingredient(s);FALSE;FALSE
en;INSTRUCTIONS;Instructions;FALSE;FALSE
en;INSTRUCTIONS_TYPE;Instructions Type;FALSE;FALSE
en;START_DATE;Start Date;FALSE;FALSE
en;PROCEDURE_ID;PROCEDURE ID;FALSE;FALSE
en;SCHEDULED_DATE_TIME;SCHEDULED DATE TIME;FALSE;FALSE
en;INDICATIONS;INDICATIONS;FALSE;FALSE
en;LEVEL;LEVEL;FALSE;FALSE
en;PATIENT_PROCEDURES;Patient Procedures;FALSE;FALSE
en;WARNING_TYPE;WARNING_TYPE;FALSE;FALSE
en;MARKER;MARKER;FALSE;FALSE
en;RESULT_VALUE;RESULT_VALUE;FALSE;FALSE
en;SEVERITY;SEVERITY;FALSE;FALSE
en;ALLERGENE;ALLERGENE;FALSE;FALSE
en;PROBLEM_CODE;PROBLEM_CODE;FALSE;FALSE
en;SEARCH_SCREENS;SEARCH_SCREENS;FALSE;FALSE
en;CLINICAL_VISIT;CLINICAL_VISIT;FALSE;FALSE
en;OBSERVATION;OBSERVATION;FALSE;FALSE
en;ALLERGIES;ALLERGIES;FALSE;FALSE
en;DIAGNOSTICS_TEST_RESULT;DIAGNOSTICS_TEST_RESULT;FALSE;FALSE
en;MEDICATION_ORDER;MEDICATION_ORDER;FALSE;FALSE
en;DIAGNOSTICS_ORDER;DIAGNOSTICS_ORDER;FALSE;FALSE
en;CONSULTATION;CONSULTATION;FALSE;FALSE
en;PATIENT_HISTORY;PATIENT_HISTORY;FALSE;FALSE
en;MEDICATIONS_RECORD;MEDICATIONS_RECORD;FALSE;FALSE
en;VACCINE_RECORD;VACCINE_RECORD;FALSE;FALSE
en;CARDIOLOGY;CARDIOLOGY;FALSE;FALSE
en;ANTHROPOMETRIC;Anthropometric;FALSE;FALSE
en;GROWTH_AND_DEVELOPMENT_TRACKING;GROWTH_AND_DEVELOPMENT_TRACKING;FALSE;FALSE
en;NUTRITIONAL_AND_FEEDING;NUTRITIONAL_AND_FEEDING;FALSE;FALSE
en;LENGTH_(CM);Length (cm);FALSE;FALSE
en;WEIGHT_(CM);Weight (cm);FALSE;FALSE
en;HEAD_CIRCUMFERENCE_(CM);Head circumference (cm);FALSE;FALSE
en;BMI_FOR_AGE_PERCENTILE_(%);BMI For Age Percentile (%);FALSE;FALSE
en;WEIGHT_FOR_AGE;Weight For Age;FALSE;FALSE
en;LENGTH_FOR_AGE;Length For Age;FALSE;FALSE
en;HC_FOR_AGE;HC For Age;FALSE;FALSE
en;PEDIATRIC;Pediatric;FALSE;FALSE
en;PREGNANCY_FOLLOW-UP;Pregnancy Follow-up;FALSE;FALSE
en;WEEKS;Weeks;FALSE;FALSE
en;WEIGHT_(KG);Weight (kg);FALSE;FALSE
en;BLOOD_PRESSURE;Blood Pressure;FALSE;FALSE
en;HEIGHT_OF_UTERUS_(CM);Height of Uterus (cm);FALSE;FALSE
en;BLOOD_GLUCOSE_(MG/DL);Blood Glucose (mg/dL);FALSE;FALSE
en;URINE_DIPSTICK;Urine Dipstick;FALSE;FALSE
en;FETAL_HEART_RATE_(BPM);Fetal Heart Rate (bpm);FALSE;FALSE
en;PREVIOUS_FOLLOW_UPS;PREVIOUS_FOLLOW_UPS;FALSE;FALSE
en;PROTOCOLS;PROTOCOLS;FALSE;FALSE
en;VISIT_STARTED_AT;Visit Started At;FALSE;FALSE
en;LMP;LMP;FALSE;FALSE
en;DUE_DATE;Due Date;FALSE;FALSE
en;ACTUAL_DATE_OF_BIRTH;Actual Date of Birth;FALSE;FALSE
en;NUMBER_OF_BABIES;Number of Babies;FALSE;FALSE
en;HELLO;Hello;FALSE;FALSE
en;START_NEW_PREGNANCY;START_NEW_PREGNANCY;FALSE;FALSE
en;END_PREGNANCY;END_PREGNANCY;FALSE;FALSE
en;PADUA_PREDICTION_SCORE;PADUA_PREDICTION_SCORE;FALSE;FALSE
en;CAPRINI_RISK_ASSESSMENT;CAPRINI_RISK_ASSESSMENT;FALSE;FALSE
en;TOTAL_SCORE;Total Score;FALSE;FALSE
en;RISK_LEVEL;Risk Level;FALSE;FALSE
en;RECOMMENDED_ACTION;Recommended Action;FALSE;FALSE
en;PRESSURE_ULCER_RISK_ASSESSMENT;Pressure Ulcer Risk Assessment;FALSE;FALSE
en;GLASGOW_COMA_SCALE_(GCS);Glasgow Coma Scale (GCS);FALSE;FALSE
en;GCS_SCORE;GCS Score;FALSE;FALSE
en;LEVEL_OF_INJURY;Level of Injury;FALSE;FALSE
en;ADDED_BY\AT;Added By\At;FALSE;FALSE
en;VISIT_DETAILS;VISIT_DETAILS;FALSE;FALSE
en;CHIEF_COMPLAINT;Chief Complaint;FALSE;FALSE
en;ASSESSMENT;Assessment;FALSE;FALSE
en;PATIENT_DIAGNOSIS;Patient Diagnosis;FALSE;FALSE
en;SEARCH_ICD_10;SEARCH_ICD_10;FALSE;FALSE
en;SUSPECTED;Suspected;FALSE;FALSE
en;MAJOR;Major;FALSE;FALSE
en;PLAN;Plan;FALSE;FALSE
en;PLAN_INSTRUCTION;Plan Instruction;FALSE;FALSE
en;PATIENT_HISTORY_SUMMARY;Patient History Summary;FALSE;FALSE
en;GET_SUMMARY;GET_SUMMARY;FALSE;FALSE
en;PHYSICAL_EXAMINATION_&_FINDINGS;Physical Examination & Findings;FALSE;FALSE
en;FINDINGS;FINDINGS;FALSE;FALSE
en;DETAIL;Detail;FALSE;FALSE
en;NOTES;Notes;FALSE;FALSE
en;CONSTITUTIONAL;Constitutional;FALSE;FALSE
en;H.E.E.N.T;H.E.E.N.T;FALSE;FALSE
en;RESPIRATORY;Respiratory;FALSE;FALSE
en;CARDIOVASCULAR;Cardiovascular;FALSE;FALSE
en;GASTROINTESTINAL;Gastrointestinal;FALSE;FALSE
en;MUSCULOSKELETAL;Musculoskeletal;FALSE;FALSE
en;INTEGUMENTARY;Integumentary;FALSE;FALSE
en;NEUROLOGICAL;Neurological;FALSE;FALSE
en;PSYCHIATRIC;Psychiatric;FALSE;FALSE
en;ENDOCRINE;Endocrine;FALSE;FALSE
en;HEMATOLOGIC/LYMPHATIC;Hematologic/Lymphatic;FALSE;FALSE
en;PHYSICAL_EXAMINATION_&_FINDINGS_BY_IMAGE;Physical Examination & Findings BY IMAGE;FALSE;FALSE
en;PATIENT_OBSERVATIONS_&_COMPLAINTS;Patient Observations & Complaints;FALSE;FALSE
en;REASON_OF_VISIT;Reason Of Visit;FALSE;FALSE
en;FUNCTIONAL_STATUS;Functional Status;FALSE;FALSE
en;COGNITIVE_CHECK;Cognitive Check;FALSE;FALSE
en;BODY_MEASUREMENTS;Body Measurements;FALSE;FALSE
en;HEAD_CIRCUMFERENCE;Head circumference;FALSE;FALSE
en;PAIN_ASSESSMENT;Pain Assessment;FALSE;FALSE
en;PAIN_DEGREE;Pain Degree;FALSE;FALSE
en;PAIN_LEVEL_(0-10);Pain Level (0-10);FALSE;FALSE
en;PAIN_DESCRIPTION;Pain Description;FALSE;FALSE
en;VITAL_SIGNS;Vital Signs;FALSE;FALSE
en;BLOOD_PRESSURE_SYSTOLIC;Blood Pressure Systolic;FALSE;FALSE
en;BLOOD_PRESSURE_DIASTOLIC;Blood Pressure Diastolic;FALSE;FALSE
en;MAP;MAP;FALSE;FALSE
en;MEASUREMENT_SITE;Measurement Site;FALSE;FALSE
en;HEART_RATE;Heart Rate;FALSE;FALSE
en;TEMPERATURE;Temperature;FALSE;FALSE
en;OXYGEN_SATURATION;Oxygen Saturation;FALSE;FALSE
en;R.R;R.R;FALSE;FALSE
en;NOTE;Note;FALSE;FALSE
en;ADDITIONAL_MEASUREMENTS;Additional Measurements;FALSE;FALSE
en;HEARING_TEST;Hearing Test;FALSE;FALSE
en;DEHYDRATION;Dehydration;FALSE;FALSE
en;NASAL_FLARING;Nasal Flaring;FALSE;FALSE
en;RESPONSE_TO_LIGHT;Response to Light;FALSE;FALSE
en;PUPIL_RESPONSE;Pupil Response;FALSE;FALSE
en;ABILITY_TO_FOLLOW_TARGET;Ability to Follow Target;FALSE;FALSE
en;COLOR_TESTING;Color Testing;FALSE;FALSE
en;SHOW_PREVIOUS_ALLERGIES;Show Previous Allergies;FALSE;FALSE
en;ADD_ALLERGY;ADD_ALLERGY;FALSE;FALSE
en;ALLERGY_TYPE;Allergy Type;FALSE;FALSE
en;ALLERGEN;Allergen;FALSE;FALSE
en;CERTAINTY_TYPE;Certainty type;FALSE;FALSE
en;ONSET;Onset;FALSE;FALSE
en;ONSET_DATE_TIME;Onset Date Time;FALSE;FALSE
en;TREATMENT_STRATEGY;Treatment Strategy;FALSE;FALSE
en;SOURCE_OF_INFORMATION;Source of information;FALSE;FALSE
en;REACTION_DESCRIPTION;Reaction Description;FALSE;FALSE
en;TYPE_OF_PROPENSITY;Type Of Propensity;FALSE;FALSE
en;UNDO_RESOLVED;UNDO_RESOLVED;FALSE;FALSE
en;RESOLVED;RESOLVED;FALSE;FALSE
en;ADD_WARNING;ADD_WARNING;FALSE;FALSE
en;SHOW_PREVIOUS_WARNINGS;Show Previous Warnings;FALSE;FALSE
en;FIRST_TIME_RECORDED;First Time Recorded;FALSE;FALSE
en;WARNING;Warning;FALSE;FALSE
en;ACTION_TAKEN;Action Taken;FALSE;FALSE
en;ORDER_FROM_DATE;Order From Date;FALSE;FALSE
en;ORDER_TO_DATE;Order To Date;FALSE;FALSE
en;TEST_NAME;Test Name;FALSE;FALSE
en;SHOW_ABNORMAL_RESULT;Show Abnormal Result;FALSE;FALSE
en;ORDER_ID;ORDER ID;FALSE;FALSE
en;RESULT_DATE;Result Date;FALSE;FALSE
en;TEST_RESULT,UNIT;TEST RESULT,UNIT;FALSE;FALSE
en;NORMAL_RANGE;NORMAL RANGE;FALSE;FALSE
en;COMMENTS;COMMENTS;FALSE;FALSE
en;PRINT;Print;FALSE;FALSE
en;REPORTS;REPORTS;FALSE;FALSE
en;REPORT;Report;FALSE;FALSE
en;REPORT_DATE;Report Date;FALSE;FALSE
en;REPORT_SATUTS;REPORT SATUTS;FALSE;FALSE
en;EXTERNEL_LAB_NAME;EXTERNEL LAB NAME;FALSE;FALSE
en;ATTACHMENT;ATTACHMENT;FALSE;FALSE
en;ATTACHED_BY/DATE;ATTACHED BY/DATE;FALSE;FALSE
en;LABORATORY_RESULT_COMPARISON;LABORATORY_RESULT_COMPARISON;FALSE;FALSE
en;VACCINATION;Vaccination;FALSE;FALSE
en;DOSE_NUMBER;DOSE NUMBER;FALSE;FALSE
en;DATE_OF_ADMINISTRATION;DATE OF ADMINISTRATION;FALSE;FALSE
en;IS_REVIEWED;Is Reviewed;FALSE;FALSE
en;TOTAL_VACCINE_DOSES;TOTAL VACCINE DOSES;FALSE;FALSE
en;VACCINE_SCHEDULE;Vaccine Schedule;FALSE;FALSE
en;HEPB;HepB;FALSE;FALSE
en;DTAP;DTaP;FALSE;FALSE
en;1ST_DOSE;1st dose;FALSE;FALSE
en;2ND_DOSE;2nd dose;FALSE;FALSE
en;3ND_DOSE;3nd dose;FALSE;FALSE
en;GIVE;GIVE;FALSE;FALSE
en;PHARMACY;PHARMACY;FALSE;FALSE
en;URGANCY;URGANCY;FALSE;FALSE
en;HIGH;HIGH;FALSE;FALSE
en;MEDIUM;MEDIUM;FALSE;FALSE
en;LOW;LOW;FALSE;FALSE
en;VALIDATE_WITH;VALIDATE_WITH;FALSE;FALSE
en;RECALL_FAVORITE;RECALL_FAVORITE;FALSE;FALSE
en;MEDICATION_NAME;Medication Name;FALSE;FALSE
en;VALID_UTIL;Valid Util;FALSE;FALSE
en;IS_CHRONIC;Is Chronic;FALSE;FALSE
en;REACALL_FAVORATE;REACALL_FAVORATE;FALSE;FALSE
en;ADD_MEDICATION;ADD_MEDICATION;FALSE;FALSE
en;SIGN&SUBMIT_ORDER;SIGN&SUBMIT_ORDER;FALSE;FALSE
en;PRESCRIPTION_DETAILS;Prescription Details;FALSE;FALSE
en;MANUAL_INSTRUCTIONS;Manual Instructions;FALSE;FALSE
en;PRE-DEFINED_INSTRUCTIONS;Pre-defined Instructions;FALSE;FALSE
en;CUSTOM_INSTRUCTIONS;Custom Instructions;FALSE;FALSE
en;DURATION_TYPE;Duration Type;FALSE;FALSE
en;CHRONIC_MEDICATION;Chronic Medication;FALSE;FALSE
en;MAXIMUM_DOSE;Maximum Dose;FALSE;FALSE
en;VALID_UNTIL;Valid Until;FALSE;FALSE
en;BRAND_SUBSTITUTE_ALLOWED;Brand Substitute Allowed;FALSE;FALSE
en;PHARMACY_USE_ONLY;Pharmacy Use Only;FALSE;FALSE
en;START_TIME;Start Time;FALSE;FALSE
en;END_TIME;End Time;FALSE;FALSE
en;THERAPY_TYPE;Therapy Type;FALSE;FALSE
en;REASON_FOR_PRESCRIPTION;Reason for Prescription;FALSE;FALSE
en;APPROVAL_NUMBER;Approval Number;FALSE;FALSE
en;INDICATION_DETAILS;Indication Details;FALSE;FALSE
en;ADMINISTRATION_INSTRUCTIONS;Administration Instructions;FALSE;FALSE
en;REFILLS_AND_PARAMETERS_TO_MONITOR;Refills and Parameters to monitor;FALSE;FALSE
en;PARAMETERS_TO_MONITOR;Parameters to monitor;FALSE;FALSE
en;NUMBER_OF_REFILLS;Number of Refills;FALSE;FALSE
en;REFILL_INTERVAL_VALUE;Refill Interval Value;FALSE;FALSE
en;REFILL_INTERVAL_UNIT;Refill Interval Unit;FALSE;FALSE
en;EXTRA_DOCUMENTATION;Extra Documentation;FALSE;FALSE
en;DOWNLOAD;DOWNLOAD;FALSE;FALSE
en;RECALL_FROM_FAVORITE;Recall From Favorite;FALSE;FALSE
en;INSTRUCTION;Instruction;FALSE;FALSE
en;ADMINISTRATION_INSTRUCTION;Administration Instruction;FALSE;FALSE
en;ORDER_RELATED_TESTS;ORDER_RELATED_TESTS;FALSE;FALSE
en;SAVE&CLOSE;SAVE&CLOSE;FALSE;FALSE
en;SELECT_GENERIC;Select Generic;FALSE;FALSE
en;MEDICATION_ORDER_DETAILS;Medication Order Details;FALSE;FALSE
en;FAVORITE_MEDICATIONS;Favorite Medications;FALSE;FALSE
en;ORDERS;ORDERS;FALSE;FALSE
en;MEDICATION_ORDER_TYPE;medication Order Type;FALSE;FALSE
en;START_DATE_TIME;Start Date Time;FALSE;FALSE
en;PRIORITY_LEVEL;Priority Level;FALSE;FALSE
en;MEDICATION_DETAILS;Medication Details;FALSE;FALSE
en;TITRATION_PLAN;TITRATION_PLAN;FALSE;FALSE
en;UNREGISTERED;Unregistered;FALSE;FALSE
en;GENERATE_INSTRUCTIONS;GENERATE_INSTRUCTIONS;FALSE;FALSE
en;CHRONIC;Chronic;FALSE;FALSE
en;DOSE_TIME;Dose Time;FALSE;FALSE
en;HOME_MED;Home Med;FALSE;FALSE
en;SUBSTITUTE_ALLOWED;Substitute Allowed;FALSE;FALSE
en;INDICATION;Indication;FALSE;FALSE
en;INDICATION_USE;Indication Use;FALSE;FALSE
en;DILUENT;Diluent;FALSE;FALSE
en;FLUID_TYPE;Fluid Type;FALSE;FALSE
en;VOLUME;Volume;FALSE;FALSE
en;INFUSION_DEVICE;Infusion Device;FALSE;FALSE
en;INFUSION_RATE;Infusion Rate;FALSE;FALSE
en;ROUTE;Route;FALSE;FALSE
en;NOTES_TO_NURSE;Notes To Nurse;FALSE;FALSE
en;UNTIL_COMPLETED;Until Completed;FALSE;FALSE
en;PRE-REQUESTED_TESTS;Pre-requested Tests;FALSE;FALSE
en;RADIOLOGY;Radiology;FALSE;FALSE
en;LABORATORY;Laboratory;FALSE;FALSE
en;PROPOSED_EXECUTION_DATE;Proposed Execution Date;FALSE;FALSE
en;EXECUTION_NUMBER;Execution Number;FALSE;FALSE
en;REQUEST_NEW_TESTSETUP;REQUEST_NEW_TESTSETUP;FALSE;FALSE
en;ADD_TEST;ADD_TEST;FALSE;FALSE
en;ORDER_TYPE;ORDER TYPE;FALSE;FALSE
en;RECEIVED_LAB;RECEIVED LAB;FALSE;FALSE
en;PROCESSING_STATUS;PROCESSING STATUS;FALSE;FALSE
en;REASON;REASON;FALSE;FALSE
en;ATTACHED_FILE;ATTACHED FILE;FALSE;FALSE
en;PATIENT_ORDERS_TEST;PATIENT_ORDERS_TEST;FALSE;FALSE
en;SELECT_TESTS;Select Tests;FALSE;FALSE
en;SEARCH_TEST;SEARCH_TEST;FALSE;FALSE
en;CONSULTATION_DATE;CONSULTATION DATE;FALSE;FALSE
en;CONSULTANT_SPECIALTY;CONSULTANT SPECIALTY;FALSE;FALSE
en;RESPOSE_STATUS;RESPOSE STATUS;FALSE;FALSE
en;VIEW_RESPONSE;VIEW RESPONSE;FALSE;FALSE
en;SHOW_PREVIOUS_CONSULTATIONS;Show Previous Consultations;FALSE;FALSE
en;ADD_CONSULTATION;ADD_CONSULTATION;FALSE;FALSE
en;NORMAL_CONSULTATION;NORMAL_CONSULTATION;FALSE;FALSE
en;CALL_DATE/TIME;Call Date/Time;FALSE;FALSE
en;TELEPHONIC_CONSULTATION;TELEPHONIC_Consultation;FALSE;FALSE
en;PHYSICAL_EXAMINATION;Physical Examination;FALSE;FALSE
en;CHOOSE_CONSULTANT;Choose Consultant;FALSE;FALSE
en;PREFERRED_CONSULTANT;Preferred Consultant;FALSE;FALSE
en;CONSULTATION_METHOD;Consultation Method;FALSE;FALSE
en;CONSULTATION_TYPE;Consultation Type;FALSE;FALSE
en;CONSULTATION_CONTENT;Consultation Content;FALSE;FALSE
en;NOTES_&_DOCUMENTATION;Notes & Documentation;FALSE;FALSE
en;OPERATION_REQUESTS;Operation Requests;FALSE;FALSE
en;OPARATION_NAME;oparation name;FALSE;FALSE
en;OPERATION_TYPE;operation type;FALSE;FALSE
en;OPERATION_LEVEL;Operation Level;FALSE;FALSE
en;OPERATION_DATE/TIME;Operation Date/Time;FALSE;FALSE
en;REQUEST_STATUS;Request Status;FALSE;FALSE
en;REQUEST;Request;FALSE;FALSE
en;ANESTHESIA_CARE_PLAN;ANESTHESIA_CARE_PLAN;FALSE;FALSE
en;SUMMERY;Summery;FALSE;FALSE
en;PLANNED_ANESTHESIA_TYPE;Planned Anesthesia Type;FALSE;FALSE
en;ANESTHESIA_CONSENT_SIGNED;Anesthesia Consent Signed;FALSE;FALSE
en;UNDERSTANDS_RISKS;Understands Risks;FALSE;FALSE
en;PREVIOUS_ANESTHESIA;Previous Anesthesia;FALSE;FALSE
en;AIRWAY_ASSESSMENT;Airway Assessment;FALSE;FALSE
en;NASAL_PATENCY;Nasal Patency;FALSE;FALSE
en;MALLAMPATI_CLASSIFICATION;Mallampati Classification;FALSE;FALSE
en;AIRWAY_GRADES;Airway Grades;FALSE;FALSE
en;PLANNED_AIRWAY_APPROACH;Planned Airway Approach;FALSE;FALSE
en;THYROMENTAL_DISTANCE;Thyromental Distance;FALSE;FALSE
en;MOUTH_OPENING;Mouth Opening;FALSE;FALSE
en;NECK_MOBILITY;Neck Mobility;FALSE;FALSE
en;FACIAL_OR_NECK_ABNORMALITIES;Facial Or Neck Abnormalities;FALSE;FALSE
en;BEARD_OR_FACIAL_HAIR;Beard Or Facial Hair;FALSE;FALSE
en;ANTICIPATED_DIFFICULT_AIRWAY;Anticipated Difficult Airway;FALSE;FALSE
en;PREVIOUS_DIFFICULT_INTUBATION;Previous Difficult Intubation;FALSE;FALSE
en;PRE_MEDICATION;PRE_MEDICATION;FALSE;FALSE
en;TESTS_RESULTS;TESTS_RESULTS;FALSE;FALSE
en;PRE_OP_CHECKLIST;PRE_OP_CHECKLIST;FALSE;FALSE
en;PATIENT_IDENTIFICATION_&_CONSENT;Patient Identification & Consent;FALSE;FALSE
en;PATIENT_IDENTITY_VERIFIEDDD;Patient Identity Verifieddd;FALSE;FALSE
en;SURGERY_CONSENT_SIGNED;Surgery Consent Signed;FALSE;FALSE
en;SURGICAL_PROCEDURE_CONFIRMED;Surgical Procedure Confirmed;FALSE;FALSE
en;MEDICATIONS_&_ALLERGIES;Medications & Allergies;FALSE;FALSE
en;ALLERGIES_REVIEWED;Allergies Reviewed;FALSE;FALSE
en;PRE-OP_MEDS_GIVEN;Pre-Op Meds Given;FALSE;FALSE
en;CHRONIC_MEDS_MANAGED;Chronic Meds Managed;FALSE;FALSE
en;ANTICOAGULANTS_MANAGED;Anticoagulants Managed;FALSE;FALSE
en;PRE-SURGICAL_READINESS;Pre-Surgical Readiness;FALSE;FALSE
en;SITE_OF_SURGERY_MARKED;Site Of Surgery Marked;FALSE;FALSE
en;NPO_STATUS_CONFIRMED;NPO Status Confirmed;FALSE;FALSE
en;PRE-OP_VITALS_RECORDED;Pre-Op Vitals Recorded;FALSE;FALSE
en;PATIENT_BATHED;Patient Bathed;FALSE;FALSE
en;JEWELRY_REMOVED;Jewelry Removed;FALSE;FALSE
en;DENTURES_REMOVED_OR_NOTED;Dentures Removed or Noted;FALSE;FALSE
en;PROSTHESIS_NOTED_OR_REMOVED;Prosthesis Noted or Removed;FALSE;FALSE
en;CLOTHING_REPLACED;Clothing Replaced;FALSE;FALSE
en;IV_&_FLUIDS;IV & Fluids;FALSE;FALSE
en;IV_ACCESSSECURED;IV AccessSecured;FALSE;FALSE
en;IV_FLUIDSSTARTED;IV FluidsStarted;FALSE;FALSE
en;BLOOD_PRODUCTS_PREPARED;Blood Products Prepared;FALSE;FALSE
en;DOCUMENTATION_&_EQUIPMENT;Documentation & Equipment;FALSE;FALSE
en;EMR_UPDATED;EMR Updated;FALSE;FALSE
en;LABS/IMAGING_REVIEWED;Labs/Imaging Reviewed;FALSE;FALSE
en;CONSENT_FORMS_AVAILABLE;Consent Forms Available;FALSE;FALSE
en;PERSONAL_BELONGINGS_SECURED;Personal Belongings Secured;FALSE;FALSE
en;INTERPRETER_ARRANGED;Interpreter Arranged;FALSE;FALSE
en;PRE-TRANSFER_READINESS;Pre-Transfer Readiness;FALSE;FALSE
en;VOIDED_OR_CATHETER_PRESENT;Voided Or Catheter Present;FALSE;FALSE
en;BED_IN_LOWEST_POSITION;Bed In Lowest Position;FALSE;FALSE
en;TRANSFER_MODE_ARRANGED;Transfer Mode Arranged;FALSE;FALSE
en;HANDOFF_TO_OR_NURSE_PREPARED;Handoff To Or Nurse Prepared;FALSE;FALSE
en;DEVICES\IMPLANTS;DEVICES\IMPLANTS;FALSE;FALSE
en;PERFORM;PERFORM;FALSE;FALSE
en;ADD_PROCEDURE;ADD_PROCEDURE;FALSE;FALSE
en;PROCEDURE;Procedure;FALSE;FALSE
en;PROCEDURE_DETAILS;Procedure Details;FALSE;FALSE
en;CATEGORY_TYPE;Category Type;FALSE;FALSE
en;PROCEDURE_LEVEL;Procedure Level;FALSE;FALSE
en;DEPARTMENT_&_SCHEDULING;Department & Scheduling;FALSE;FALSE
en;CURRENT_DEPARTMENT;Current Department;FALSE;FALSE
en;INDICATIONS_&_ANATOMY;Indications & Anatomy;FALSE;FALSE
en;INDICATIONS_DESCRIPTION;Indications Description;FALSE;FALSE
en;BODY_PART;Body Part;FALSE;FALSE
en;SIDE;Side;FALSE;FALSE
en;DEVICES&IMPLANTS;DEVICES&IMPLANTS;FALSE;FALSE
en;MEDICAL_HISTORY_SUMMARY;MEDICAL_HISTORY_SUMMARY;FALSE;FALSE
en;PATIENT’S_PROBLEMS;Patient’s Problems;FALSE;FALSE
en;CONDITION;CONDITION;FALSE;FALSE
en;DATE_OF_DIAGNOSIS;DATE OF DIAGNOSIS;FALSE;FALSE
en;DATE_OF_RESOLUTION;DATE OF RESOLUTION;FALSE;FALSE
en;FAMILY_HISTORY;Family History;FALSE;FALSE
en;RELATION;RELATION;FALSE;FALSE
en;INHERITED_DISEASES;INHERITED DISEASES;FALSE;FALSE
en;HOSPITALIZATIONS;Hospitalizations;FALSE;FALSE
en;ADMISSION_TYPE;ADMISSION TYPE;FALSE;FALSE
en;DATE_OF_ADMISSION;DATE OF ADMISSION;FALSE;FALSE
en;LENGTH_OF_STAY;LENGTH OF STAY;FALSE;FALSE
en;OUTCOMES;OUTCOMES;FALSE;FALSE
en;BLOOD_TRANSFUSION;Blood Transfusion;FALSE;FALSE
en;SOURCE_OF_BLOOD;SOURCE OF BLOOD;FALSE;FALSE
en;COMPLICATION;COMPLICATION;FALSE;FALSE
en;SURGICAL_HISTORY;SURGICAL_HISTORY;FALSE;FALSE
en;SURGERY;SURGERY;FALSE;FALSE
en;OTHER;OTHER;FALSE;FALSE
en;DATE_OF_SURGERY;DATE OF SURGERY;FALSE;FALSE
en;COMPLICATIONS;COMPLICATIONS;FALSE;FALSE
en;TYPE_OF_ANESTHESIA_USED;TYPE OF ANESTHESIA USED;FALSE;FALSE
en;IMPLANTS_OR_DEVICES;IMPLANTS OR DEVICES;FALSE;FALSE
en;SOCIAL_HISTORY;SOCIAL_HISTORY;FALSE;FALSE
en;CURRENT_SMOKER;CURRENT SMOKER;FALSE;FALSE
en;CIGARETTE_TYPE;CIGARETTE TYPE;FALSE;FALSE
en;AMOUNT;AMOUNT;FALSE;FALSE
en;PREVIOUS_SMOKER;PREVIOUS SMOKER;FALSE;FALSE
en;ALCOHOL_CONSUMPTION;ALCOHOL CONSUMPTION;FALSE;FALSE
en;TYPE_OF_ALCOHOL;TYPE OF ALCOHOL;FALSE;FALSE
en;REFERRAL_REQUEST;Referral Request;FALSE;FALSE
en;REFERRAL_TYPE;Referral Type;FALSE;FALSE
en;REFERRAL_REASON;Referral Reason;FALSE;FALSE
en;NEW_REFERRAL_REQUEST;New Referral Request;FALSE;FALSE
en;REFERRAL_REQUEST_INFO;Referral Request Info;FALSE;FALSE
en;CREATE;CREATE;FALSE;FALSE
en;VISIT_DATE;Visit Date;FALSE;FALSE
en;VISIT_ID;Visit ID;FALSE;FALSE
en;ORIGIN;Origin;FALSE;FALSE
en;MULTIDISCIPLINARY_TEAM_NOTES;Multidisciplinary Team Notes;FALSE;FALSE
en;SHIFT;Shift;FALSE;FALSE
en;MDT_NOTES;MDT Notes;FALSE;FALSE
en;PATIENT_PROBLEM;Patient Problem;FALSE;FALSE
en;ADD/EDIT_PATIENT_PROBLEM;Add/Edit Patient Problem;FALSE;FALSE
en;BY_PATIENT;By Patient;FALSE;FALSE
en;REALATION;Realation;FALSE;FALSE
en;ADD/EDIT_BLOOD_TRANSFUSION;Add/Edit Blood Transfusion;FALSE;FALSE
en;BLOOD_PRODUCT_TRANSFUSED;Blood Product Transfused;FALSE;FALSE
en;DISCHARGE_PLANNING;Discharge Planning;FALSE;FALSE
en;PLANNED_DISCHARGE_READINESS;Planned Discharge Readiness;FALSE;FALSE
en;EXPECTED_DISCHARGE_DATE;Expected Discharge Date;FALSE;FALSE
en;ESTIMATED_LOS;Estimated LOS;FALSE;FALSE
en;READINESS_STATUS;Readiness Status;FALSE;FALSE
en;POST-DISCHARGE_NEEDS;Post-Discharge Needs;FALSE;FALSE
en;MEDICATIONS_TO_CONTINUE;Medications to Continue;FALSE;FALSE
en;MEDICAL_EQUIPMENT;Medical Equipment;FALSE;FALSE
en;HOME_CARE_NEEDED;Home Care Needed;FALSE;FALSE
en;DIETARY_PLAN;Dietary Plan;FALSE;FALSE
en;SOCIAL_NEEDS;Social Needs;FALSE;FALSE
en;FOLLOW-UP_PLAN;Follow-up Plan;FALSE;FALSE
en;CLINICAL_CLEARANCE;Clinical Clearance;FALSE;FALSE
en;MEDICAL_CONDITION_STABLE;Medical Condition Stable;FALSE;FALSE
en;VITALS_STABLE;Vitals Stable;FALSE;FALSE
en;PENDING_INVESTIGATIONS;Pending Investigations;FALSE;FALSE
en;MOBILITY_/_ADL_STATUS;Mobility / ADL status;FALSE;FALSE
en;DISCHARGE_CHECKLIST;Discharge Checklist;FALSE;FALSE
en;FINAL_MEDICATION_RECONCILIATION_COMPLETED;Final Medication Reconciliation Completed;FALSE;FALSE
en;DISCHARGE_SUMMARY_PREPARED;Discharge Summary Prepared;FALSE;FALSE
en;DISCHARGE_ORDERS_SIGNED;Discharge Orders Signed;FALSE;FALSE
en;NURSING_DISCHARGE_REPORT_DONE;Nursing Discharge Report Done;FALSE;FALSE
en;PATIENT/FAMILY_INFORMED;Patient/family Informed;FALSE;FALSE
en;TRANSPORT_ARRANGED;Transport Arranged;FALSE;FALSE
en;PATIENT_EDUCATION;Patient Education;FALSE;FALSE
en;TOPICS_COVERED;Topics Covered;FALSE;FALSE
en;MATERIAL_GIVEN;Material Given;FALSE;FALSE
en;LEAFLET;Leaflet;FALSE;FALSE
en;VERBAL;Verbal;FALSE;FALSE
en;VIDEO;Video;FALSE;FALSE
en;EDUCATION_PROVIDED;Education Provided;FALSE;FALSE
en;PATIENT_UNDERSTANDING;Patient Understanding;FALSE;FALSE
en;GENERATE_REPORT;GENERATE_REPORT;FALSE;FALSE
en;PRINT_REPORT;PRINT_REPORT;FALSE;FALSE
en;BEDSIDE_PROCEDURES;Bedside Procedures;FALSE;FALSE
en;REQUESTED_BY\AT;Requested By\At;FALSE;FALSE
en;EXECUTION_DATE_TIME;Execution Date Time;FALSE;FALSE
en;EXECUTED_BY;Executed By;FALSE;FALSE
en;COMPLETE;Complete;FALSE;FALSE
en;CPT_CODE;Cpt Code;FALSE;FALSE
en;BEDSIDE_PROCEDURES_REQUESTS;Bedside Procedures Requests;FALSE;FALSE
en;NURSE;Nurse;FALSE;FALSE
en;BLOOD_ORDER;Blood Order;FALSE;FALSE
en;PRODUCT_TYPE;Product Type;FALSE;FALSE
en;AMOUNT_(ML);Amount (ml);FALSE;FALSE
en;REQUEST_BY\AT;Request By\At;FALSE;FALSE
en;SUBMIT;SUBMIT;FALSE;FALSE
en;NEW_BLOOD_ORDER;New Blood Order;FALSE;FALSE
en;BLOOD_ORDER_INFO;Blood Order Info;FALSE;FALSE
en;LATEST_HB;Latest Hb;FALSE;FALSE
en;LATEST_HCT;Latest Hct;FALSE;FALSE
en;LATEST_PLATELET_COUNT;Latest Platelet Count;FALSE;FALSE
en;SCHEDULED_TRANSFUSION_DATE;Scheduled Transfusion Date;FALSE;FALSE
en;ANTIBODY_SCREEN_DONE;Antibody Screen Done;FALSE;FALSE
en;CROSSMATCH_REQUIRED;Crossmatch Required;FALSE;FALSE
en;ORDER_DETAILS;Order Details;FALSE;FALSE
en;NUMBER_OF_UNIT;Number Of Unit;FALSE;FALSE
en;RATE;Rate;FALSE;FALSE
en;NOTES_&_HISTORY;Notes & History;FALSE;FALSE
en;SPECIAL_REQUIREMENTS;Special Requirements;FALSE;FALSE
en;TRANSFUSION_HISTORY;Transfusion History;FALSE;FALSE
en;ADDITIONAL_NOTES;Additional Notes;FALSE;FALSE
en;PREVIOUS_REACTION;Previous Reaction;FALSE;FALSE
en;BLOOD_CARD_QUESTIONS;Blood Card Questions;FALSE;FALSE
en;IS_IT_A_SCHEDULED_TRANSFUSION;Is it a Scheduled Transfusion;FALSE;FALSE
en;HAS_BEEN_TRANSFUSED_IN_THE_PAST;Has been transfused in the past;FALSE;FALSE
en;HAS_A_HISTORY_OF_TRANSPLANTS;Has a History of Transplants;FALSE;FALSE
en;HAS_HAEMOLYTIC_NEONATAL_DISEASE;Has Haemolytic Neonatal Disease;FALSE;FALSE
en;IS_TAKING_ANTI-RHESUS_GLOBULIN;Is taking Anti-Rhesus Globulin;FALSE;FALSE
en;HAD_REACTIONS;Had Reactions;FALSE;FALSE
en;CONFIRM_CANCELLATION;Confirm Cancellation;FALSE;FALSE
en;CANCELLATION;Cancellation;FALSE;FALSE
en;CANCELLED_REASON;Cancelled Reason;FALSE;FALSE
en;CONFIRM;Confirm;FALSE;FALSE
en;SUBMITTED_BY\AT;Submitted By\At;FALSE;FALSE
en;CANCELLED_BY\AT;Cancelled By\At;FALSE;FALSE
en;PATIENT_BLOOD_GROUP;PATIENT_BLOOD_GROUP;FALSE;FALSE
en;INTAKE_OUTPUT_BALANCE;Intake Output Balance;FALSE;FALSE
en;FLUID_BALANCE;Fluid Balance;FALSE;FALSE
en;TOTAL_INTAKE_(ML);Total Intake (ml);FALSE;FALSE
en;TOTAL_OUTPUT_(ML);Total Output (ml);FALSE;FALSE
en;NET_BALANCE;Net Balance;FALSE;FALSE
en;INTAKE_TYPE;Intake Type;FALSE;FALSE
en;TIME;Time;FALSE;FALSE
en;TOTAL_INTAKE;Total Intake;FALSE;FALSE
en;INTAKES;Intakes;FALSE;FALSE
en;TOTAL_BALANCE_CHANGE_PER_DATE;Total Balance Change per Date;FALSE;FALSE
en;BALANCE_CHANGE;BALANCE_CHANGE;FALSE;FALSE
en;OUTPUTS;Outputs;FALSE;FALSE
en;OUTPUT_TYPE;Output Type;FALSE;FALSE
en;OTHER_TYPE;Other Type;FALSE;FALSE
en;CARE_PLAN_&_GOALS;Care Plan & Goals;FALSE;FALSE
en;PROBLEM;Problem;FALSE;FALSE
en;GOAL;Goal;FALSE;FALSE
en;GOAL_TYPE;Goal Type;FALSE;FALSE
en;INTERVENTION;Intervention;FALSE;FALSE
en;RESPONSIBLE;Responsible;FALSE;FALSE
en;INTERVENTIONS;Interventions;FALSE;FALSE
en;START_PLANNED_DATE;Start Planned Date;FALSE;FALSE
en;TARGET_PLANNED_DATE;Target Planned Date;FALSE;FALSE
en;REASSESSMENTR_PLANNED_DATE;Reassessmentr Planned Date;FALSE;FALSE
en;EVALUATION_NOTES;Evaluation Notes;FALSE;FALSE
en;NEW_PLAN;New Plan;FALSE;FALSE
en;STATUS_CHANGE;Status Change;FALSE;FALSE
en;JOHNS_HOPKINS_TOOL;Johns Hopkins Tool;FALSE;FALSE
en;SCORE;Score;FALSE;FALSE
en;NEXT_ASSESSMENT_DUE;Next Assessment Due;FALSE;FALSE
en;VIEW_PREVENTION_PLAN;View Prevention Plan;FALSE;FALSE
en;REASSESSMENT_PLANNED_DATE;Reassessment Planned Date;FALSE;FALSE
en;LOW_RISK;Low Risk;FALSE;FALSE
en;FALL_HISTORY_(WITHIN_6_MONTHS);Fall History (within 6 months);FALSE;FALSE
en;JOHNS_HOPKINS_FALL_RISK_ASSESSMENT;Johns Hopkins Fall Risk Assessment;FALSE;FALSE
en;ON_SEDATIVES,_HYPNOTICS,_ANTICONVULSANTS,_OPIOIDS;On sedatives, hypnotics, anticonvulsants, opioids;FALSE;FALSE
en;ELIMINATION_(URGENCY/INCONTINENCE);Elimination (urgency/incontinence);FALSE;FALSE
en;PATIENT_CARE_EQUIPMENT;Patient Care Equipment;FALSE;FALSE
en;MOBILITY;Mobility;FALSE;FALSE
en;COGNITION;Cognition;FALSE;FALSE
en;PRESCRIPTION_ID;Prescription ID;FALSE;FALSE
en;PRESCRIPTIONS;PrescriptionS;FALSE;FALSE
en;CREATED_AT;Created At;FALSE;FALSE
en;SUBMITTED_BY;Submitted By;FALSE;FALSE
en;SUBMITTED_AT;Submitted at;FALSE;FALSE
en;DRUG_ORDERS;DRUG_ORDERS;FALSE;FALSE
en;PATIENT'S_CHRONIC_MEDICATIONS;PATIENT'S_CHRONIC_MEDICATIONS;FALSE;FALSE
en;SOURCE;Source;FALSE;FALSE
en;INSTRUCTION_TYPE;Instruction Type;FALSE;FALSE
en;DATE_OF_PRESCRIBING;Date of Prescribing;FALSE;FALSE
en;LAB_MONITORING_PARAMETERS;Lab Monitoring Parameters;FALSE;FALSE
en;NUMBER_OF_DOSES;Number of Doses;FALSE;FALSE
en;SITE_OF_ADMINISTRATION;Site of Administration;FALSE;FALSE
en;SHOW_CANCELLED_VACCINE_DOSES;Show Cancelled Vaccine Doses;FALSE;FALSE
en;ACTUAL_SIDE_AND_SITE_OF_ADMINISTRATION;ACTUAL SIDE AND SITE OF ADMINISTRATION;FALSE;FALSE
en;ONSET_DATE;ONSET DATE;FALSE;FALSE
en;PAIN_CHARACTERISTICS;PAIN CHARACTERISTICS;FALSE;FALSE
en;PAIN_LOCATION;PAIN LOCATION;FALSE;FALSE
en;RADIATION;RADIATION;FALSE;FALSE
en;AGGRAVATING_FACTORS;AGGRAVATING FACTORS;FALSE;FALSE
en;RELIEVING_FACTORS;RELIEVING FACTORS;FALSE;FALSE
en;ADD/EDIT_CHIEF_COMPLAINT_SYMPTOMS;Add/Edit Chief Complaint Symptoms;FALSE;FALSE
en;PAIN_DETAILS;Pain Details;FALSE;FALSE
en;AGGRAVATING,_RELIEVING_&_ASSOCIATED_SYMPTOMS;Aggravating, Relieving & Associated Symptoms;FALSE;FALSE
en;ASSOCIATED_SYMPTOMS;Associated Symptoms;FALSE;FALSE
en;CHIEF_COMPLAINT&SYMPTOPMS;CHIEF_COMPLAINT&SYMPTOPMS;FALSE;FALSE
en;TREADMILL_STRESS_TEST_(TMST);TREADMILL_STRESS_TEST_(TMST);FALSE;FALSE
en;ELECTOCARDIOGRAPHY(ECG);ELECTOCARDIOGRAPHY(ECG);FALSE;FALSE
en;ECHO_DOPPLER_TEST;ECHO_DOPPLER_TEST;FALSE;FALSE
en;TEST_INDICATION;TEST INDICATION;FALSE;FALSE
en;BASELINE_ECG_FINDINGS;BASELINE ECG FINDINGS;FALSE;FALSE
en;BRUCE_PROTOCOL_STAGE;BRUCE PROTOCOL STAGE;FALSE;FALSE
en;EXERCISE_DURATION;EXERCISE DURATION;FALSE;FALSE
en;ADD/EDIT_TREADMILL_STRESS;Add/Edit Treadmill Stress;FALSE;FALSE
en;TREADMILL_STRESS;Treadmill Stress;FALSE;FALSE
en;TEST_INFORMATION;Test Information;FALSE;FALSE
en;PRE-TEST_BLOOD_PRESSURE;Pre-Test Blood Pressure;FALSE;FALSE
en;EXERCISE_PARAMETERS;Exercise Parameters;FALSE;FALSE
en;ST_SEGMENT_CHANGE;ST Segment Change;FALSE;FALSE
en;ARRHYTHMIA_NOTED;Arrhythmia Noted;FALSE;FALSE
en;TEST_OUTCOME;Test Outcome;FALSE;FALSE
en;MAXIMUM_HEART_RATE_ACHIEVED;Maximum Heart Rate Achieved;FALSE;FALSE
en;TARGET_HEART_RATE;Target Heart Rate;FALSE;FALSE
en;POST-TEST_BP;Post-Test BP;FALSE;FALSE
en;RECOVERY_TIME;Recovery Time;FALSE;FALSE
en;CARDIOLOGIST_NOTES;Cardiologist Notes;FALSE;FALSE
en;MINUTES;Minutes;FALSE;FALSE
en;%_OF_MAX_HR;% of Max HR;FALSE;FALSE
en;BPM;BPM;FALSE;FALSE
en;IMAGE;IMAGE;FALSE;FALSE
en;ECG_LEAD_TYPE;ECG LEAD TYPE;FALSE;FALSE
en;PR_INTERVAL;PR INTERVAL;FALSE;FALSE
en;QRS_DURATION;QRS DURATION;FALSE;FALSE
en;QT_INTERVAL;QT INTERVAL;FALSE;FALSE
en;ST_SEGMENT_CHANGES;ST SEGMENT CHANGES;FALSE;FALSE
en;T_WAVE_ABNORMALITIES;T WAVE ABNORMALITIES;FALSE;FALSE
en;ADD/EDIT_ECG;Add/Edit ECG;FALSE;FALSE
en;ELECTROCARDIOGRAM;Electrocardiogram;FALSE;FALSE
en;ELECTROCARDIOGRAM_(ECG)_DETAILS;Electrocardiogram (ECG) Details;FALSE;FALSE
en;ECG_FINDINGS;ECG Findings;FALSE;FALSE
en;SEGMENT_CHANGES;Segment Changes;FALSE;FALSE
en;RHYTHM_ANALYSIS;Rhythm Analysis;FALSE;FALSE
en;ECG_INTERPRETATION;ECG Interpretation;FALSE;FALSE
en;ECG_INTERPRETATION_NOTES;ECG Interpretation Notes;FALSE;FALSE
en;ECHO_TYPE;Echo Type;FALSE;FALSE
en;REFERRING_PHYSICIAN;Referring Physician;FALSE;FALSE
en;FINAL_IMPRESSION;Final Impression;FALSE;FALSE
en;RECOMMENDATION;Recommendation;FALSE;FALSE
en;CARDIOLOGIST;Cardiologist;FALSE;FALSE
en;ADD/EDIT_ECHO_DOPPLER_TEST;Add/Edit Echo Doppler Test;FALSE;FALSE
en;ECHO_DOPPLER;Echo Doppler;FALSE;FALSE
en;TECHNICIAN/OPERATOR_NAME;Technician/Operator Name;FALSE;FALSE
en;TECHNICAL_QUALITY;Technical Quality;FALSE;FALSE
en;PATIENT_POSITION;Patient Position;FALSE;FALSE
en;IMAGE_QUALITY;Image Quality;FALSE;FALSE
en;EXCELLENT;Excellent;FALSE;FALSE
en;GOOD;Good;FALSE;FALSE
en;FAIR;Fair;FALSE;FALSE
en;POOR;Poor;FALSE;FALSE
en;MEASUREMENTS_-_M-MODE_/_2D;Measurements - M-mode / 2D;FALSE;FALSE
en;LVEDD;LVEDD;FALSE;FALSE
en;IVS_THICKNESS;IVS Thickness;FALSE;FALSE
en;LVEF;LVEF;FALSE;FALSE
en;LA_DIAMETER;LA Diameter;FALSE;FALSE
en;RV_DIAMETER;RV Diameter;FALSE;FALSE
en;MM;mm;FALSE;FALSE
en;LVESD;LVESD;FALSE;FALSE
en;POSTERIOR_WALL_THICKNESS;Posterior Wall Thickness;FALSE;FALSE
en;LV_MASS_INDEX;LV Mass Index;FALSE;FALSE
en;RA_AREA;RA Area;FALSE;FALSE
en;ASCENDING_AORTA_DIAMETER;Ascending Aorta Diameter;FALSE;FALSE
en;G/M²;g/m²;FALSE;FALSE
en;CM²;cm²;FALSE;FALSE
en;DOPPLER_–_VALVES;Doppler – Valves;FALSE;FALSE
en;AORTIC_VALVE_PEAK_VELOCITY;Aortic Valve Peak Velocity;FALSE;FALSE
en;AORTIC_VALVE_AREA;Aortic Valve Area;FALSE;FALSE
en;MITRAL_VALVE_A_VELOCITY;Mitral Valve A Velocity;FALSE;FALSE
en;MITRAL_VALVE_DECELERATION_TIME;Mitral Valve Deceleration Time;FALSE;FALSE
en;TRICUSPID_REGURGITATION_PEAK_VELOCITY;Tricuspid Regurgitation Peak Velocity;FALSE;FALSE
en;PULMONIC_VALVE_PEAK_VELOCITY;Pulmonic Valve Peak Velocity;FALSE;FALSE
en;AORTIC_VALVE_MEAN_GRADIENT;Aortic Valve Mean Gradient;FALSE;FALSE
en;MITRAL_VALVE_E_VELOCITY;Mitral Valve E Velocity;FALSE;FALSE
en;E/A_RATIO;E/A Ratio;FALSE;FALSE
en;MITRAL_VALVE_AREA;Mitral Valve Area;FALSE;FALSE
en;ESTIMATED_PASP;Estimated PASP;FALSE;FALSE
en;COLOR_DOPPLER_FINDINGS;Color Doppler Findings;FALSE;FALSE
en;AORTIC_REGURGITATION_SEVERITY;Aortic Regurgitation Severity;FALSE;FALSE
en;MITRAL_REGURGITATION_SEVERITY;Mitral Regurgitation Severity;FALSE;FALSE
en;TRICUSPID_REGURGITATION_SEVERITY;Tricuspid Regurgitation Severity;FALSE;FALSE
en;PULMONIC_REGURGITATION_SEVERITY;Pulmonic Regurgitation Severity;FALSE;FALSE
en;NONE;None;FALSE;FALSE
en;TRACE;Trace;FALSE;FALSE
en;MILD;Mild;FALSE;FALSE
en;MODERATE;Moderate;FALSE;FALSE
en;SEVERE;Severe;FALSE;FALSE
en;OTHER_FINDINGS;Other Findings;FALSE;FALSE
en;PERICARDIAL_EFFUSION;Pericardial Effusion;FALSE;FALSE
en;SMALL;Small;FALSE;FALSE
en;LARGE;Large;FALSE;FALSE
en;RWMA;RWMA;FALSE;FALSE
en;LV_DIASTOLIC_DYSFUNCTION_GRADE;LV Diastolic Dysfunction Grade;FALSE;FALSE
en;NORMAL;Normal;FALSE;FALSE
en;GRADE_I;Grade I;FALSE;FALSE
en;GRADE_II;Grade II;FALSE;FALSE
en;GRADE_III;Grade III;FALSE;FALSE
en;CONCLUSION;Conclusion;FALSE;FALSE
en;CARDIOLOGIST_NAME_&_SIGNATURE;Cardiologist Name & Signature;FALSE;FALSE
en;CURRENT_VISIT_CHART;Current Visit Chart;FALSE;FALSE
en;CURRENT_CHART_ACTIONS;Current Chart Actions;FALSE;FALSE
en;CHART;CHART;FALSE;FALSE
en;PREVIOUS_CHARTS;PREVIOUS_CHARTS;FALSE;FALSE
en;PROGRESS_NOTES;Progress Notes;FALSE;FALSE
en;AUDIT;Audit;FALSE;FALSE
en;INSERT_NEW_NOTE;INSERT_NEW_NOTE;FALSE;FALSE
en;SAVE_NOTES;SAVE_NOTES;FALSE;FALSE
en;TREATMENT_PLAN;Treatment Plan;FALSE;FALSE
en;MANAGE_PLANNED_TREATMENTS_FOR_THE_PATIENT.;Manage planned treatments for the patient.;FALSE;FALSE
en;ACTIVE_PLAN;ACTIVE_PLAN;FALSE;FALSE
en;DRAFT_PLAN;DRAFT_PLAN;FALSE;FALSE
en;CDT;CDT;FALSE;FALSE
en;TOOTH;Tooth;FALSE;FALSE
en;SURFACE;Surface;FALSE;FALSE
en;BILLING_TYPE;Billing Type;FALSE;FALSE
en;FEES;Fees;FALSE;FALSE
en;DISCOUNT;Discount;FALSE;FALSE
en;ACTIVE_PLANNED_TREATMENT;Active Planned Treatment;FALSE;FALSE
en;ACTIVE_TREATMENT_DETAILS;Active Treatment Details;FALSE;FALSE
en;DRAFT_PLANNED_TREATMENT;Draft Planned Treatment;FALSE;FALSE
en;DRAFT_TREATMENT_DETAILS;Draft Treatment Details;FALSE;FALSE
en;VISIT_NUMBER;Visit Number;FALSE;FALSE
en;VISUAL_ACUITY_TEST;Visual Acuity Test;FALSE;FALSE
en;ISHIHARA_COLOR_BLINDNESS_TEST;Ishihara Color Blindness Test;FALSE;FALSE
en;REFRACTION_TEST_RESULTS;Refraction Test Results;FALSE;FALSE
en;INTRAOCULAR_PRESSURE_(IOP);Intraocular Pressure (IOP);FALSE;FALSE
en;INTERPRETATION_&_DIAGNOSIS;Interpretation & Diagnosis;FALSE;FALSE
en;MOST_USED_PRODUCT;Most Used Product;FALSE;FALSE
en;PRODUCT;Product;FALSE;FALSE
en;QTY/DAY;Qty/Day;FALSE;FALSE
en;RECENTLY_EXPIRED_STOCK;Recently Expired Stock;FALSE;FALSE
en;LOT/SERIAL;Lot/Serial;FALSE;FALSE
en;EXPIRY_DATE;Expiry Date;FALSE;FALSE
en;INCOMING_TRANSFERS;Incoming Transfers;FALSE;FALSE
en;FROM;From;FALSE;FALSE
en;QTY;Qty;FALSE;FALSE
en;UOM;UOM;FALSE;FALSE
en;PRODUCT_NEAR_EXPIRY;Product Near Expiry;FALSE;FALSE
en;PRODUCT_NAME;Product Name;FALSE;FALSE
en;STOCK;Stock;FALSE;FALSE
en;EXPORT_XLS;EXPORT_XLS;FALSE;FALSE
en;REFILL_REQUEST;REFILL_REQUEST;FALSE;FALSE
en;MEDICAL_HISTORY;MEDICAL HISTORY;FALSE;FALSE
en;TEST_PERFORMED_WITH;TEST PERFORMED WITH;FALSE;FALSE
en;PINHOLE_TEST_RESULT;PINHOLE TEST RESULT;FALSE;FALSE
en;DISTANCE_ACUITY;DISTANCE ACUITY;FALSE;FALSE
en;RIGHT_EYE;RIGHT EYE;FALSE;FALSE
en;LEFT_EYE;LEFT EYE;FALSE;FALSE
en;BONE_CONDUCTION_THRESHOLDS;BONE CONDUCTION THRESHOLDS;FALSE;FALSE
en;CANCELLED_AT/BY;CANCELLED AT/BY;FALSE;FALSE
en;NUMBER_OF_PLATES_TESTED;NUMBER OF PLATES TESTED;FALSE;FALSE
en;CORRECT_ANSWERS_COUNT;CORRECT ANSWERS COUNT;FALSE;FALSE
en;DEFICIENCY_TYPE;DEFICIENCY TYPE;FALSE;FALSE
en;RIGHT_SPHERE;RIGHT SPHERE;FALSE;FALSE
en;RIGHT_CYLINDER;RIGHT CYLINDER;FALSE;FALSE
en;RIGHT_AXIS;RIGHT AXIS;FALSE;FALSE
en;LEFT_SPHERE;LEFT SPHERE;FALSE;FALSE
en;LEFT_CYLINDER;LEFT CYLINDER;FALSE;FALSE
en;LEFT_AXIS;LEFT AXIS;FALSE;FALSE
en;MEASUREMENT_METHOD;MEASUREMENT METHOD;FALSE;FALSE
en;TIME_OF_MEASUREMENT;TIME OF MEASUREMENT;FALSE;FALSE
en;CORNEAL_THICKNESS;CORNEAL THICKNESS;FALSE;FALSE
en;GLAUCOMA_RISK_ASSESSMENT;GLAUCOMA RISK ASSESSMENT;FALSE;FALSE
en;FUNDOSCOPY_&_SLIT_LAMP_EXAM_DONE?;FUNDOSCOPY & SLIT LAMP EXAM DONE?;FALSE;FALSE
en;CLINICAL_OBSERVATIONS;CLINICAL OBSERVATIONS;FALSE;FALSE
en;VISION_DIAGNOSIS;VISION DIAGNOSIS;FALSE;FALSE
en;REQUIRE_FOLLOW-UP;REQUIRE FOLLOW-UP;FALSE;FALSE
en;FOLLOW-UP_DATE;FOLLOW-UP Date;FALSE;FALSE
en;RECOMMENDATIONS;RECOMMENDATIONS;FALSE;FALSE
en;TEST_TYPE;Test Type;FALSE;FALSE
en;TEST_REASON;Test Reason;FALSE;FALSE
en;SPHERE;Sphere;FALSE;FALSE
en;CYLINDER;Cylinder;FALSE;FALSE
en;AXIS;Axis;FALSE;FALSE
en;OPTOMETRIC_EXAM;Optometric Exam;FALSE;FALSE
en;AUDIOMETRY_PURETONE;Audiometry Puretone;FALSE;FALSE
en;ADD/EDIT_AUDIOMETRY_PURETONE;Add/Edit Audiometry Puretone;FALSE;FALSE
en;TEST_ENVIRONMEN;Test Environmen;FALSE;FALSE
en;EAR_EXAM_FINDINGS;Ear Exam Findings;FALSE;FALSE
en;AIR_CONDUCTION_FREQUENCIES;Air Conduction Frequencies;FALSE;FALSE
en;HEARING_THRESHOLDS;Hearing Thresholds;FALSE;FALSE
en;BONE_CONDUCTION_FREQUENCIES;Bone Conduction Frequencies;FALSE;FALSE
en;MASKED_USED;Masked Used;FALSE;FALSE
en;HEARING_LOSS_TYPE;Hearing Loss Type;FALSE;FALSE
en;HEARING_LOSS_DEGREE;Hearing Loss Degree;FALSE;FALSE
en;TEST_ENVIRONMENT;TEST ENVIRONMENT;FALSE;FALSE
en;SHOW_PHYSICIAN_NOTES;Show Physician Notes;FALSE;FALSE
en;SHOW_NURSE_NOTES;Show Nurse Notes;FALSE;FALSE
en;SHOW_ALL;Show All;FALSE;FALSE
en;ADD/EDIT_PROGRESS_NOTES;Add/Edit Progress Notes;FALSE;FALSE
en;PSYCHOLOGICAL_EXAM;Psychological Exam;FALSE;FALSE
en;TEST_DURATION;TEST DURATION;FALSE;FALSE
en;RESULT_INTERPRETATION;RESULT INTERPRETATION;FALSE;FALSE
en;ADD/EDIT_PSYCHOLOGY_EXAM;Add/Edit Psychology Exam;FALSE;FALSE
en;PSYCHOLOGY_EXAM;Psychology Exam;FALSE;FALSE
en;TEST_INFORMATION_&_RESULTS;Test Information & Results;FALSE;FALSE
en;CLINICAL_DETAILS;Clinical Details;FALSE;FALSE
en;FOLLOW-UP;Follow-up;FALSE;FALSE
en;PRE-OPERATION_ASSESSMENT;Pre-Operation Assessment;FALSE;FALSE
en;POST-OPERATION_RECOVERY;Post-Operation Recovery;FALSE;FALSE
en;DISCHARGE_&_FOLLOW-UP;Discharge & Follow-Up;FALSE;FALSE
en;INDUCTION_MEDICATIONS;Induction Medications;FALSE;FALSE
en;VITALS_ON_ADMISSION;Vitals on Admission;FALSE;FALSE
en;PRE-MEDICATION_GIVEN;Pre-Medication Given;FALSE;FALSE
en;ALDRETE_SCORE;Aldrete Score;FALSE;FALSE
en;CONSENT_FOR_PROCEDURE_SIGNED;Consent for Procedure Signed;FALSE;FALSE
en;CONSENT_FOR_ANESTHESIA_SIGNED;Consent for Anesthesia Signed;FALSE;FALSE
en;IV_ACCESS_STATUS;IV Access Status;FALSE;FALSE
en;SITE_MARKED_BY_SURGEON;Site Marked by Surgeon;FALSE;FALSE
en;LAB/IMAGING_REVIEWED;Lab/Imaging Reviewed;FALSE;FALSE
en;ANESTHETIST_ASSESSMENT_DONE;Anesthetist Assessment Done;FALSE;FALSE
en;ASA_CLASSIFICATION;ASA Classification;FALSE;FALSE
en;PACU_ARRIVAL_TIME;PACU Arrival Time;FALSE;FALSE
en;PAIN_SCORE_POST-OP;Pain Score Post-op;FALSE;FALSE
en;NAUSEA;Nausea;FALSE;FALSE
en;VOMITING;Vomiting;FALSE;FALSE
en;RECOVERY_STATUS;Recovery Status;FALSE;FALSE
en;NURSING_NOTES;Nursing Notes;FALSE;FALSE
en;FINAL_ASSESSMENT_DONE;Final Assessment Done;FALSE;FALSE
en;POST-OP_INSTRUCTIONS_GIVEN;Post-op Instructions Given;FALSE;FALSE
en;DISCHARGE_SUMMARY;Discharge Summary;FALSE;FALSE
en;WOUND_/_DRESSING_INSTRUCTIONS;Wound / Dressing Instructions;FALSE;FALSE
en;DISCHARGE_PLANNED_TIME;Discharge Planned Time;FALSE;FALSE
en;FOLLOW_UP_APPOINTMENT;FOLLOW_UP_APPOINTMENT;FALSE;FALSE
en;TAKE_HOME_MEDICATIONS;TAKE_HOME_MEDICATIONS;FALSE;FALSE
en;IV_FLUID_ORDER;IV Fluid Order;FALSE;FALSE
en;DEVICE;Device;FALSE;FALSE
en;NEW_FLUID_ORDER;New Fluid Order;FALSE;FALSE
en;FLUID_ORDER_INFO;Fluid Order Info;FALSE;FALSE
en;INFUSIONRATE;InfusionRate;FALSE;FALSE
en;ML/HR;mL/hr;FALSE;FALSE
en;ML;ml;FALSE;FALSE
en;CONCENTRATION;Concentration;FALSE;FALSE
en;ESTIMATED_ENDTIME;Estimated EndTime;FALSE;FALSE
en;ALLERGIES_CHECKED;Allergies Checked;FALSE;FALSE
en;YES;YES;FALSE;FALSE
en;NO;NO;FALSE;FALSE
en;ALLERGY_CHECKED;Allergy Checked;FALSE;FALSE
en;NEW_ASSESSMENT;New Assessment;FALSE;FALSE
en;HISTORY_OF_FALLING_WITHIN_LAST_3_MONTHS;History of falling Within last 3 months;FALSE;FALSE
en;SECONDARY_DIAGNOSIS;Secondary diagnosis;FALSE;FALSE
en;IV/HEPARIN_LOCK;IV/Heparin lock;FALSE;FALSE
en;PATIENT`S_WALKING_AID;Patient`s walking aid;FALSE;FALSE
en;CRUTCHES;Crutches;FALSE;FALSE
en;CANE;Cane;FALSE;FALSE
en;WALKER;Walker;FALSE;FALSE
en;FURNITURE;Furniture;FALSE;FALSE
en;GAIT/TRANSFER;Gait/Transfer;FALSE;FALSE
en;WEAK;Weak;FALSE;FALSE
en;IMPAIRED;Impaired;FALSE;FALSE
en;MENTAL_STATUS;Mental status;FALSE;FALSE
en;ORIENTED;Oriented;FALSE;FALSE
en;FORGETS_LIMITATIONS;Forgets Limitations;FALSE;FALSE
en;MORSE_FALL_SCALE_(MFS);Morse Fall Scale (MFS);FALSE;FALSE
en;STRATIFY_SCALE;STRATIFY Scale;FALSE;FALSE
en;HISTORY_OF_FALLS;History of falls;FALSE;FALSE
en;AGITATED_CONFUSION;Agitated confusion;FALSE;FALSE
en;URINARY_FREQUENCY,_URGENCY_OR_INCONTINENCE;Urinary frequency, urgency or incontinence;FALSE;FALSE
en;VISUAL_IMPAIRMENT;Visual impairment;FALSE;FALSE
en;TRANSFER_AND_MOBILITY_PROBLEMS;Transfer and mobility problems;FALSE;FALSE
en;PREVENTION_PLAN;Prevention Plan;FALSE;FALSE
en;FALL_PREVENTION_PLAN_TRIGGERED;Fall Prevention Plan Triggered;FALSE;FALSE
en;FALL-RISK_WRISTBAND_APPLIED;Fall-risk wristband applied;FALSE;FALSE
en;BED_IN_LOW_POSITION;Bed in low position;FALSE;FALSE
en;BED_ALARMS_ENABLED;Bed alarms enabled;FALSE;FALSE
en;2-HOUR_ROUNDING;2-hour rounding;FALSE;FALSE
en;NON-SKID_FOOTWEAR;Non-skid footwear;FALSE;FALSE
en;ASSISTIVE_DEVICE_PROVIDED;Assistive device provided;FALSE;FALSE
en;CONFUSION_/_DISORIENTATION_/_IMPULSIVITY;Confusion / Disorientation / Impulsivity;FALSE;FALSE
en;SYMPTOMATIC_DEPRESSION;Symptomatic Depression;FALSE;FALSE
en;ALTERED_ELIMINATION;Altered Elimination;FALSE;FALSE
en;DIZZINESS_/_VERTIGO;Dizziness / Vertigo;FALSE;FALSE
en;ANTIEPILEPTIC_MEDICATION;Antiepileptic Medication;FALSE;FALSE
en;BENZODIAZEPINE_USE;Benzodiazepine Use;FALSE;FALSE
en;GET-UP-AND-GO_TEST_(GUGT);Get-Up-and-Go Test (GUGT);FALSE;FALSE
en;RISE_IN_SINGLE_MOVEMENT;Rise in single movement;FALSE;FALSE
en;PUSHES_UP_IN_1_ATTEMPT;Pushes up in 1 attempt;FALSE;FALSE
en;MULTIPLE_ATTEMPTS_OR_UNABLE;Multiple attempts or unable;FALSE;FALSE
en;HENDRICH_II_FALL_RISK_MODEL;Hendrich II Fall Risk Model;FALSE;FALSE
en;ROUND_INFORMATION;Round Information;FALSE;FALSE
en;ROUND_START_TIME;Round Start Time;FALSE;FALSE
en;LEAD_PHYSICIAN;Lead Physician;FALSE;FALSE
en;ROUND_STAFF;Round Staff;FALSE;FALSE
en;RESPONSIBILITY;Responsibility;FALSE;FALSE
en;START_NEW_ROUND;START_NEW_ROUND;FALSE;FALSE
en;COMPLETE_ROUND;COMPLETE_ROUND;FALSE;FALSE
en;INITIAL_NOTE;Initial Note;FALSE;FALSE
en;PROGRESS_NOTE;Progress Note;FALSE;FALSE
en;SPECIAL_EVENT_NOTE;Special Event Note;FALSE;FALSE
en;PRIMARY_DIAGNOSIS;Primary Diagnosis;FALSE;FALSE
en;CLINICAL_IMPRESSION;Clinical Impression;FALSE;FALSE
en;PATIENT_STATUS;Patient Status;FALSE;FALSE
en;SECONDARY_DIAGNOSES;Secondary Diagnoses;FALSE;FALSE
en;COMPLICATIONS_NOTED;Complications Noted;FALSE;FALSE
en;SUMMARY_STATEMENT;Summary Statement;FALSE;FALSE
en;PATIENT_SUMMARY;Patient Summary;FALSE;FALSE
en;TEMP;Temp;FALSE;FALSE
en;BP;BP;FALSE;FALSE
en;FULL_VIEW;FULL_VIEW;FALSE;FALSE
en;INTAKE_OUTPUTS;Intake Outputs;FALSE;FALSE
en;DATE_TIME;Date Time;FALSE;FALSE
en;NURSING_REPORTS_SUMMARY;Nursing Reports Summary;FALSE;FALSE
en;PROVOCATION;Provocation;FALSE;FALSE
en;PALLIATION;Palliation;FALSE;FALSE
en;QUALITY;Quality;FALSE;FALSE
en;ASSESSMENT_DATE_TIME;Assessment Date Time;FALSE;FALSE
en;PAIN_PATTERN;Pain Pattern;FALSE;FALSE
en;GENERAL_ASSESSMENT;General Assessment;FALSE;FALSE
en;POSITION_STATUS;Position Status;FALSE;FALSE
en;BODY_MOVEMENTS;Body Movements;FALSE;FALSE
en;LEVEL_OF_CONSCIOUSNESS;Level of Consciousness;FALSE;FALSE
en;FUNCTIONAL_ASSESSMENT;Functional Assessment;FALSE;FALSE
en;LABS_AND_IMAGING;Labs and Imaging;FALSE;FALSE
en;CANCEL;Cancel;FALSE;FALSE
en;NEW_ORDER;New Order;FALSE;FALSE
en;SIGN_&_SUBMIT;Sign & Submit;FALSE;FALSE
en;URGENT;Urgent;FALSE;FALSE
en;SIGN_&_SUBMIT_ORDER;Sign & Submit Order;FALSE;FALSE
en;SHOW_CANCELED_TEST;Show canceled test;FALSE;FALSE
en;SHOW_CANCELED_ORDERS;Show canceled orders;FALSE;FALSE
en;SHOW_CANCELLED;Show Cancelled;FALSE;FALSE
en;LABORATORY_SAMPLE_COLLECTION;Laboratory Sample Collection;FALSE;FALSE
en;PRE-TEST_ASSESSMENT;Pre-test Assessment;FALSE;FALSE
en;RECALL_FAVORITE_ORDERS;Recall Favorite Orders;FALSE;FALSE
en;TEST_CARD;Test Card;FALSE;FALSE
en;BLOOD_TO_BE_GIVEN;Blood to be Given;FALSE;FALSE
en;CONSULTATION_REQUEST;Consultation Request;FALSE;FALSE
en;FLUIDS_TO_BE_GIVEN;Fluids to be Given;FALSE;FALSE
en;MAJOR_OPERATIONS;Major Operations;FALSE;FALSE
en;MEDICATIONS;Medications;FALSE;FALSE
en;PROCEDURES_PLANNED;Procedures Planned;FALSE;FALSE
en;ORDER;Order;FALSE;FALSE
en;ADD_DETAILS;ADD DETAILS;FALSE;FALSE
en;SUBMIT_DATE;SUBMIT DATE;FALSE;FALSE
en;ESTIMATED_END_TIME;Estimated End Time;FALSE;FALSE
en;PATIENT_ORDER_TEST;PATIENT ORDER TEST;FALSE;FALSE
en;NURSE_NOTE;Nurse Note;FALSE;FALSE
en;NOTE_TYPE;Note Type;FALSE;FALSE
en;NOTE_DATE_&_TIME;Note Date & Time;FALSE;FALSE
en;ADD/EDIT_NURSE_NOTES;Add/Edit Nurse Notes;FALSE;FALSE
en;ANTHROPOMETRIC_DATA;Anthropometric Data;FALSE;FALSE
en;PATIENT_WEIGHT_CHANGE;Patient Weight Change;FALSE;FALSE
en;DIETARY_HISTORY_/_INTAKE;Dietary History / Intake;FALSE;FALSE
en;USUAL_DIET_PATTERN;Usual Diet Pattern;FALSE;FALSE
en;24-_HOUR_RECALL;24- Hour Recall;FALSE;FALSE
en;ORAL_INTAKE_TYPE;Oral Intake Type;FALSE;FALSE
en;FLUID_INTAKE_STATUS;Fluid Intake Status;FALSE;FALSE
en;WEIGHT_CHANGE;Weight Change;FALSE;FALSE
en;MUAC;MUAC;FALSE;FALSE
en;LAST_WEIGHT;Last Weight;FALSE;FALSE
en;NUTRITION_DIAGNOSIS;Nutrition Diagnosis;FALSE;FALSE
en;ETIOLOGY;Etiology;FALSE;FALSE
en;SIGNS/SYMPTOMS;Signs/Symptoms;FALSE;FALSE
en;BIOCHEMICAL;Biochemical;FALSE;FALSE
en;LAST_RESULT;Last Result;FALSE;FALSE
en;NUTRITION_INTERVENTION_PLAN;Nutrition Intervention Plan;FALSE;FALSE
en;NUTRITION_GOAL(S);Nutrition Goal(s);FALSE;FALSE
en;INTERVENTION_TYPE;Intervention Type;FALSE;FALSE
en;PATIENT_OR_FAMILY_EDUCATION;Patient Or Family Education;FALSE;FALSE
en;NUTRITION_PRESCRIPTION;Nutrition Prescription;FALSE;FALSE
en;CARBOHYDRATES;Carbohydrates;FALSE;FALSE
en;PROTEIN;Protein;FALSE;FALSE
en;FATS;Fats;FALSE;FALSE
en;CLINICAL_&_FUNCTIONAL_ASSESSMENT;Clinical & Functional Assessment;FALSE;FALSE
en;APPETITE_STATUS;Appetite Status;FALSE;FALSE
en;REDUCED;Reduced;FALSE;FALSE
en;NPO;NPO;FALSE;FALSE
en;CHEWING_OR_SWALLOWING_ISSUES;Chewing Or Swallowing Issues;FALSE;FALSE
en;GI_SYMPTOMS_(N/V/D/CONSTIPATION);GI Symptoms (N/V/D/Constipation);FALSE;FALSE
en;DIAGNOSIS_IMPACTING_NUTRITION;Diagnosis Impacting Nutrition;FALSE;FALSE
en;CREATE_DIET_ORDER;CREATE_DIET_ORDER;FALSE;FALSE
en;FOLLOW-UP_AND_MONITORING;Follow-up and Monitoring;FALSE;FALSE
en;NEXT_REVIEW_DATE;Next Review Date;FALSE;FALSE
en;REASSESSMENT_NEEDED;Reassessment Needed;FALSE;FALSE
en;MONITORING_INDICATORS;Monitoring Indicators;FALSE;FALSE
en;FOLLOW-UP_NOTES;Follow-up Notes;FALSE;FALSE
en;PRESSURE_ULCERS;PRESSURE_ULCERS;FALSE;FALSE
en;SENSORY_PERCEPTION;Sensory Perception;FALSE;FALSE
en;MOISTURE;Moisture;FALSE;FALSE
en;ACTIVITY;Activity;FALSE;FALSE
en;NUTRITION;Nutrition;FALSE;FALSE
en;FRICTION_&_SHEAR;Friction & Shear;FALSE;FALSE
en;BRADEN_SCORE;Braden Score;FALSE;FALSE
en;DIETARY_REQUEST;Dietary Request;FALSE;FALSE
en;NEW_DIETARY_REQUEST;New Dietary Request;FALSE;FALSE
en;DIET_ORDER_TYPE;Diet Order Type;FALSE;FALSE
en;DIETARY_REQUEST_DETAILS;Dietary Request Details;FALSE;FALSE
en;SCHEDULE;Schedule;FALSE;FALSE
en;FOOD_PREFERENCES;Food Preferences;FALSE;FALSE
en;REPEAT;Repeat;FALSE;FALSE
en;ORDERED_BY\AT;Ordered By\At;FALSE;FALSE
en;ADD_NEW_REQUEST;Add New Request;FALSE;FALSE
en;ADD_ATTACHMENT;Add Attachment;FALSE;FALSE
en;START_DATE_&_TIME;Start Date & Time;FALSE;FALSE
en;END_DATE_&_TIME;End Date & Time;FALSE;FALSE
en;REPEAT_EVERY;Repeat Every;FALSE;FALSE
en;FOOD_AVOIDANCES;Food Avoidances;FALSE;FALSE
en;MEAL_TYPE;Meal Type;FALSE;FALSE
en;PORTION_SIZE;Portion Size;FALSE;FALSE
en;DIET_CATEGORY;Diet Category;FALSE;FALSE
en;CALORIE_TARGET;Calorie Target;FALSE;FALSE
en;PROTEIN_TARGET;Protein Target;FALSE;FALSE
en;TEXTURE_LEVEL;Texture Level;FALSE;FALSE
en;FLUID_CONSISTENCY;Fluid Consistency;FALSE;FALSE
en;DAILY_VOLUME_LIMIT;Daily Volume Limit;FALSE;FALSE
en;FORMULA_NAME;Formula Name;FALSE;FALSE
en;DELIVERY_METHOD;Delivery Method;FALSE;FALSE
en;VOLUME_PER_FEED;Volume per feed;FALSE;FALSE
en;NUMBER_OF_FEEDS/DAY;Number of feeds/day;FALSE;FALSE
en;ADDITIONAL_INSTRUCTIONS;Additional Instructions;FALSE;FALSE
en;FORMULA_COMPOSITION;Formula Composition;FALSE;FALSE
en;INFUSION_DURATION;Infusion Duration;FALSE;FALSE
en;LINE_TYPE;Line Type;FALSE;FALSE
en;PUREED;Pureed;FALSE;FALSE
en;MINCED;Minced;FALSE;FALSE
en;SOFT;Soft;FALSE;FALSE
en;LIQUIDIZED;Liquidized;FALSE;FALSE
en;THIN;Thin;FALSE;FALSE
en;NECTAR-THICK;Nectar-Thick;FALSE;FALSE
en;HONEY-THICK;Honey-Thick;FALSE;FALSE
en;DISCARDEDRETURNED;DiscardedReturned;FALSE;FALSE
en;MISSED;Missed;FALSE;FALSE
en;DC;DC;FALSE;FALSE
en;ADMINISTERED;Administered;FALSE;FALSE
en;ON_HOLD;On Hold;FALSE;FALSE
en;MEDICATION_CARD;Medication Card;FALSE;FALSE
en;PARACETAMOL_500MG;Paracetamol 500mg;FALSE;FALSE
en;HEPARIN_1000IU;Heparin 1000IU;FALSE;FALSE
en;EVERY_12_HOURS;Every 12 Hours;FALSE;FALSE
en;SCHEDULED;Scheduled;FALSE;FALSE
en;EVERY_6_HOURS;Every 6 Hours;FALSE;FALSE
en;PRN;PRN;FALSE;FALSE
en;DAY1;Day1;FALSE;FALSE
en;DAY2;Day2;FALSE;FALSE
en;DAY3;Day3;FALSE;FALSE
en;DAY4;Day4;FALSE;FALSE
en;DAY5;Day5;FALSE;FALSE
en;STAT;STAT;FALSE;FALSE
en;CONTINUOUS;CONTINUOUS;FALSE;FALSE
en;MISSED_DOSES;Missed Doses;FALSE;FALSE
en;DUE_DOSES;Due Doses;FALSE;FALSE
en;D/C;D/C;FALSE;FALSE
en;ONHOLD;ONHOLD;FALSE;FALSE
en;DISCARDED\RETURNED;DISCARDED\RETURNED;FALSE;FALSE
en;PHYSIOTHERAPY_REFERRALS;Physiotherapy Referrals;FALSE;FALSE
en;REFERRED_BY/AT;Referred By/At;FALSE;FALSE
en;VIEW_FUNCTIONAL_ASSESSMENT;View Functional Assessment;FALSE;FALSE
en;MOBILITY_AMBULATION;Mobility Ambulation;FALSE;FALSE
en;STAIR_CLIMBING_ABILITY;Stair Climbing Ability;FALSE;FALSE
en;TOILETING_ABILITY;Toileting Ability;FALSE;FALSE
en;BATHING_ABILITY;Bathing Ability;FALSE;FALSE
en;WALKING_DISTANCE;Walking Distance;FALSE;FALSE
en;NEEDS_ASSISTANCE;NEEDS_ASSISTANCE;FALSE;FALSE
en;LIMITED;LIMITED;FALSE;FALSE
en;FILL_GENERAL_ASSESSMENT;Fill General Assessment;FALSE;FALSE
en;FACIAL_EXPRESSION;Facial Expression;FALSE;FALSE
en;SPEECH;Speech;FALSE;FALSE
en;MOOD/BEHAVIOR;Mood/Behavior;FALSE;FALSE
en;MEMORY_REMOTE;Memory Remote;FALSE;FALSE
en;MEMORY_RECENT;Memory Recent;FALSE;FALSE
en;SIGNS_OF_AGITATION;Signs Of Agitation;FALSE;FALSE
en;SIGNS_OF_DEPRESSION;Signs Of Depression;FALSE;FALSE
en;SIGNS_OF_SUICIDAL_IDEATION;Signs Of Suicidal Ideation;FALSE;FALSE
en;SIGNS_OF_SUBSTANCE_USE;Signs Of Substance Use;FALSE;FALSE
en;SUPPORTING_MEMBERS;Supporting Members;FALSE;FALSE
en;LIVING_CONDITION;Living Condition;FALSE;FALSE
en;PATIENT_NEED_HELP;Patient Need Help;FALSE;FALSE
en;FAMILY_LOCATION;Family Location;FALSE;FALSE
en;FILL_FUNCTIONAL_ASSESSMENT;Fill Functional Assessment;FALSE;FALSE
en;TRANSFERRING_BED_CHAIR;Transferring Bed Chair;FALSE;FALSE
en;FEEDING;Feeding;FALSE;FALSE
en;DRESSING_ABILITY;Dressing Ability;FALSE;FALSE
en;GROOMING_ABILITY;Grooming Ability;FALSE;FALSE
en;BALANCE;Balance;FALSE;FALSE
en;URINARY_CONTINENCE;Urinary Continence;FALSE;FALSE
en;BOWEL_CONTINENCE;Bowel Continence;FALSE;FALSE
en;USE_OF_ASSISTIVE_DEVICES;Use Of Assistive Devices;FALSE;FALSE
en;NEED_FOR_ASSISTANCE;Need For Assistance;FALSE;FALSE
en;FALL_HISTORY;Fall History;FALSE;FALSE
en;PAIN_DURING_MOVEMENT;Pain During Movement;FALSE;FALSE
en;NEED_FOR_REHAB;Need For Rehab;FALSE;FALSE
en;INDEPENDENT;INDEPENDENT;FALSE;FALSE
en;STABLE;STABLE;FALSE;FALSE
en;UNABLE;UNABLE;FALSE;FALSE
en;INITIATE_PHYSIOTHERAPY_PLAN;Initiate Physiotherapy Plan;FALSE;FALSE
en;TREATMENT_GOALS;Treatment Goals;FALSE;FALSE
en;SHORT-TERM_GOALS;Short-term Goals;FALSE;FALSE
en;LONG-TERM_GOALS;Long-term Goals;FALSE;FALSE
en;EXPECTED_OUTCOME;Expected Outcome;FALSE;FALSE
en;PHYSIOTHERAPY_PLAN_DETAILS;Physiotherapy Plan Details;FALSE;FALSE
en;TIME_UNIT;Time Unit;FALSE;FALSE
en;DURATION_PER_SESSION;Duration per Session;FALSE;FALSE
en;TOTAL_PLAN_DURATION;Total Plan Duration;FALSE;FALSE
en;SPECIFIC_EXERCISES_/_PROCEDURES;Specific Exercises / Procedures;FALSE;FALSE
en;PRECAUTIONS;Precautions;FALSE;FALSE
en;ASSISTIVE_DEVICES_REQUIRED;Assistive Devices Required;FALSE;FALSE
en;PAIN_LEVEL_(1-10);Pain Level (1-10);FALSE;FALSE
en;MOBILITY_IMPROVEMENT;Mobility Improvement;FALSE;FALSE
en;ATTACHMENTS;Attachments;FALSE;FALSE
en;ATTACHMENT_NAME;Attachment Name;FALSE;FALSE
en;FILE_TYPE;File Type;FALSE;FALSE
en;PREVIEW/EDIT;PREVIEW/EDIT;FALSE;FALSE
en;EXPORT_PDF;EXPORT_PDF;FALSE;FALSE
en;OCCUPATIONAL_THERAPY;Occupational Therapy;FALSE;FALSE
en;OCCUPATIONAL_REFERRALS;Occupational Referrals;FALSE;FALSE
en;OCCUPATIONAL_PLANS;Occupational Plans;FALSE;FALSE
en;INITIATED_BY/AT;Initiated By/At;FALSE;FALSE
en;FOLLOW-UP_BY/AT;Follow-up By/At;FALSE;FALSE
en;FUNCTIONAL_IMPROVEMENT;Functional Improvement;FALSE;FALSE
en;SPEECH_THERAPY_REFERRALS;Speech Therapy Referrals;FALSE;FALSE
en;SPEECH_THERAPY_PLANS;Speech Therapy Plans;FALSE;FALSE
en;PATIENT_RESPONSE;Patient Response;FALSE;FALSE
en;ACTIVITIES_PERFORMED;Activities Performed;FALSE;FALSE
en;ADMINISTRATION_DETAILS;Administration Details;FALSE;FALSE
en;PREPARATION_TIME;Preparation Time;FALSE;FALSE
en;ACTUAL_START_TIME;Actual Start Time;FALSE;FALSE
en;FLUID_APPEARANCE;Fluid Appearance;FALSE;FALSE
en;RATE_CONFIRMED;Rate Confirmed;FALSE;FALSE
en;ANY_REACTION;Any Reaction;FALSE;FALSE
en;MONITORING_NOTES;Monitoring Notes;FALSE;FALSE
en;CLOUDY;Cloudy;FALSE;FALSE
en;LEAKING;Leaking;FALSE;FALSE
en;FLUID_ADMINISTRATION;Fluid Administration;FALSE;FALSE
en;TOTAL_REQUESTED_AMOUNT;Total Requested Amount;FALSE;FALSE
en;INFUSION_RATE_REQUESTED;Infusion Rate Requested;FALSE;FALSE
en;ADMINISTERED_AMOUNT;Administered Amount;FALSE;FALSE
en;ADMINISTRATION_RATE;Administration Rate;FALSE;FALSE
en;RATE_VARIATION_REASON;Rate Variation Reason;FALSE;FALSE
en;REMAINING_AMOUNT;Remaining Amount;FALSE;FALSE
en;NURSE_NOTES;Nurse Notes;FALSE;FALSE
en;ML/H;ml/h;FALSE;FALSE
en;DURATION_(MIN);Duration (min);FALSE;FALSE
en;ACTUAL_RATE;Actual Rate;FALSE;FALSE
en;START;START;FALSE;FALSE
en;APPROVAL_FROM_DATE;Approval From Date;FALSE;FALSE
en;APPROVAL_TO_DATE;Approval To Date;FALSE;FALSE
en;SHOW_REVIEW_RESULT;Show Review Result;FALSE;FALSE
en;REVIEW_AT/BY;Review At/By;FALSE;FALSE
en;PROCEDURE_REQUESTS_LIST;Procedure Requests List;FALSE;FALSE
en;OPERATION_ROOM_MATERIALS;Operation Room Materials;FALSE;FALSE
en;REQUESTED_OPERATION;Requested Operation;FALSE;FALSE
en;OPERATION_NAME;Operation Name;FALSE;FALS
en;OPERATION_MATERIALS;Operation Materials;FALSE;FALSE
en;IMPLANT;Implant;FALSE;FALSE
en;CONSUMABLE;Consumable;FALSE;FALSE
en;SURGICAL_INSTRUMENT;Surgical Instrument;FALSE;FALSE
en;TOTAL_COUNTS;Total Counts;FALSE;FALSE
en;QUANTITY_&_UOM;Quantity & UOM;FALSE;FALSE
en;PREPARATION;PREPARATION;FALSE;FALSE
en;RECONCILIATION;RECONCILIATION;FALSE;FALSE
en;USED_QUANTITY_&_UOM;Used Quantity & UOM;FALSE;FALSE
en;DIFFERENCE;Difference;FALSE;FALSE
en;SERIAL_NUMBER;Serial Number;FALSE;FALSE
en;USED_BY\AT;Used By\At;FALSE;FALSE
en;OPERATIONS;Operations;FALSE;FALSE
en;REQUEST_LIST;REQUEST_LIST;FALSE;FALSE
en;PNGOING_OPERATIONS;PNGOING_OPERATIONS;FALSE;FALSE
en;COMPLETED_OPREATIONS;COMPLETED_OPREATIONS;FALSE;FALSE
en;PRE-OP_DIAGNOSIS;Pre-op Diagnosis;FALSE;FALSE
en;RESULT_APPROVED;Result Approved;FALSE;FALSE
en;SAMPLE_COLLECTED;Sample Collected;FALSE;FALSE
en;TOTAL_TEST;Total Test;FALSE;FALSE
en;DATE,TIME;DATE,TIME;FALSE;FALSE
en;ORDER'S_TESTS;Order's Tests;FALSE;FALSE
en;TEST_CATEGORY;TEST CATEGORY;FALSE;FALSE
en;PROIRITY;PROIRITY;FALSE;FALSE
en;TEST_NOTES;TEST NOTES;FALSE;FALSE
en;TECHNICIAN_NOTES;TECHNICIAN NOTES;FALSE;FALSE
en;COLLECT_SAMPLE;COLLECT SAMPLE;FALSE;FALSE
en;TEST'S_RESULTS_PROCESSING;Test's Results Processing;FALSE;FALSE
en;PREVIOUS_RESULT;PREVIOUS RESULT;FALSE;FALSE
en;PREVIOUS_RESULT_DATE;PREVIOUS RESULT DATE;FALSE;FALSE
en;COMPARE_WITH_ALL_PREVIOUS;COMPARE WITH ALL PREVIOUS;FALSE;FALSE
en;RESULT_SATUTS;RESULT SATUTS;FALSE;FALSE
en;WRITE_NOTE;WRITE_NOTE;FALSE;FALSE
en;ACCEPTED;Accepted;FALSE;FALSE
en;RESULT_READY;Result Ready;FALSE;FALSE
en;NUMBER_OF_SAMPLES_COLLECTED;Number of Samples Collected;FALSE;FALSE
en;SAMPLE;Sample;FALSE;FALSE
en;SYSTEM;System;FALSE;FALSE
en;TUBE_COLOR;Tube Color;FALSE;FALSE
en;TUBE_TYPE;Tube Type;FALSE;FALSE
en;SAMPLE_CONTAINER;Sample Container;FALSE;FALSE
en;SAMPLE_VOLUME;Sample Volume;FALSE;FALSE
en;SAMPLE_VOLUME_UNIT;Sample Volume Unit;FALSE;FALSE
en;ACTUAL_SAMPLE_QUANTITY;Actual Sample Quantity;FALSE;FALSE
en;COLLECTED_AT;COLLECTED AT;FALSE;FALSE
en;REJECTED_AT/BY;REJECTED AT/BY;FALSE;FALSE
en;ACCEPTED_AT/BY;ACCEPTED AT/BY;FALSE;FALSE
en;LOG_RESULT;Log Result;FALSE;FALSE
en;RESULT;RESULT;FALSE;FALSE
en;LOG;log;FALSE;FALSE
en;PATIENT_ARRIVED;Patient Arrived;FALSE;FALSE
en;ORDERS_NOTES;ORDERS NOTES;FALSE;FALSE
en;USE_FILM&REAGENTS;USE_FILM&REAGENTS;FALSE;FALSE
en;PREVIOUS_REPORT_DATE;PREVIOUS REPORT DATE;FALSE;FALSE
en;INVENTORY_MANAGEMENT;Inventory Management;FALSE;FALSE
en;INVENTORY;Inventory;FALSE;FALSE
en;WAREHOUSE;Warehouse;FALSE;FALSE
en;AVAILABLE_QTY.;Available Qty.;FALSE;FALSE
en;BASE_UOM;Base UOM;FALSE;FALSE
en;USED_QTY.;Used Qty.;FALSE;FALSE
en;EXP_DATE;Exp Date;FALSE;FALSE
en;LOT_NO.;LOT No.;FALSE;FALSE
en;CLINICAL_RADIOLOGY;Clinical Radiology;FALSE;FALSE
en;CLINICAL_LABORATORY;Clinical Laboratory;FALSE;FALSE
en;ORDER_DATE_FROM;Order Date From;FALSE;FALSE
en;IMAGE_TEST_NAME;Image Test Name;FALSE;FALSE
en;PATIENT_SEARCH;Patient Search;FALSE;FALSE
en;REQUESTED_DEPARTMENT;Requested Department;FALSE;FALSE
en;ORDER_BY_/_AT;Order By / At;FALSE;FALSE
en;NEW_MODULE;New Module;FALSE;FALSE
en;MODULE_INFO;Module Info;FALSE;FALSE
en;SCREENS_FOR_SYSTEM_SETUP_MODULE;Screens for System Setup Module;FALSE;FALSE
en;NAVIGATION_PATH;Navigation Path;FALSE;FALSE
en;EDIT_SCREEN;Edit Screen;FALSE;FALSE
en;SCREEN_INFO;Screen Info;FALSE;FALSE
en;NAV_PATH;Nav Path;FALSE;FALSE
en;ARE_YOU_SURE_YOU_WANT_TO_DEACTIVATE_THIS_SCREEN?;Are you sure you want to deactivate this Screen?;FALSE;FALSE
en;DEACTIVATE;DEACTIVATE;FALSE;FALSE
en;NEW_USER;New User;FALSE;FALSE
en;USER_INFO;User Info;FALSE;FALSE
en;ROLES;Roles;FALSE;FALSE
en;LOGIN;Login;FALSE;FALSE
en;JOB_DESCRIPTION;Job Description;FALSE;FALSE
en;ROLENAME;roleName;FALSE;FALSE
en;FACILITYNAME;facilityName;FALSE;FALSE
en;LICENSES_&_CERTIFICATIONS;Licenses & Certifications;FALSE;FALSE
en;LICENSE;License;FALSE;FALSE
en;NEW_LICENSE;NEW_License;FALSE;FALSE
en;LICENSE_NUMBER;License Number;FALSE;FALSE
en;LICENSE_NAME;License Name;FALSE;FALSE
en;VALID_TO;Valid To;FALSE;FALSE
en;RESET_PASSWORD_FOR_ADMINISTRATOR;Reset Password for Administrator;FALSE;FALSE
en;RESET_PASSWORD;Reset Password;FALSE;FALSE
en;HOW_WOULD_YOU_LIKE_TO_RESET_THE_PASSWORD?;How would you like to reset the password?;FALSE;FALSE
en;NEW_DEPARTMENTS;NEW_Departments;FALSE;FALSE
en;FACILITY_DEPARTMENTS;Facility Departments;FALSE;FALSE
en;ROLE_MANAGEMENT;Role Management;FALSE;FALSE
en;SCREENS_&_PERMISSIONS;Screens & Permissions;FALSE;FALSE
en;NO_ROLE_SELECTED._USE_THE_LEFT_LIST_TO_ADD_OR_CHOOSE_A_ROLE.;No role selected. Use the left list to add or choose a role.;FALSE;FALSE
en;ADMIN;Admin;FALSE;FALSE
en;LAB_SUPERVISOR;Lab Supervisor;FALSE;FALSE
en;ENCOUNTER_ADMIN;Encounter Admin;FALSE;FALSE
en;APPOINTMENT_ADMIN;Appointment Admin;FALSE;FALSE
en;ALL;All;FALSE;FALSE
en;MODULE;Module;FALSE;FALSE
en;VIEW;VIEW;FALSE;FALSE
en;ARE_YOU_SURE_YOU_WANT_TO_DELETE_THIS_FACILITY?;Are you sure you want to delete this Facility?;FALSE;FALSE
en;FACILITY_BRIEF_DESC;Facility Brief Desc;FALSE;FALSE
en;REGISTRATION_DATE;Registration Date;FALSE;FALSE
en;DEFAULT_CURRENCY;Default Currency;FALSE;FALSE
en;FACILITY_ID;Facility ID;FALSE;FALSE
en;BASIC_INFO;Basic Info;FALSE;FALSE
en;FACILITY_COUNTRY;Facility Country;FALSE;FALSE
en;FACILITY_CITY;Facility City;FALSE;FALSE
en;STREET;Street;FALSE;FALSE
en;STATE/REGION;State/Region;FALSE;FALSE
en;FACILITY_POSTAL/ZIP;Facility Postal/ZIP;FALSE;FALSE
en;PRIMARY_PHONE_NUMBER;Primary Phone Number;FALSE;FALSE
en;SECONDARY_PHONE_NUMBER;Secondary Phone Number;FALSE;FALSE
en;FAX;Fax;FALSE;FALSE
en;NEW_FACILITY;New Facility;FALSE;FALSE
en;SEARCH_FACILITY_NAME;SEARCH_FACILITY_NAME;FALSE;FALSE
en;NEW_DEPARTMENT;New Department;FALSE;FALSE
en;DEPARTMENT_INFO;Department Info;FALSE;FALSE
en;APPOINTABLE;Appointable;FALSE;FALSE
en;PASSWORD;Password;FALSE;FALSE
en;EDIT_USER;Edit User;FALSE;FALSE
en;NEW_PRACTITIONER;New Practitioner;FALSE;FALSE
en;PRACTITIONER_DETAILS;Practitioner Details;FALSE;FALSE
en;PRACTITIONER_DEPARTMENTS;Practitioner Departments;FALSE;FALSE
en;SEARCHWORD;Searchword;FALSE;FALSE
en;SEARCH_USERS_TO_LINK;SEARCH_USERS_TO_LINK;FALSE;FALSE
en;SUB_SPECIALTY;Sub Specialty;FALSE;FALSE
en;DEFAULT_MEDICAL_LICENSE;Default Medical License;FALSE;FALSE
en;SECONDARY_LICENSE;Secondary License;FALSE;FALSE
en;PRACTITIONER_NAME;Practitioner Name;FALSE;FALSE
en;REMOVE;Remove;FALSE;FALSE
en;USER_LIST_-_SEARCH_RESULTS;User List - Search Results;FALSE;FALSE
en;CLICK_TO_SELECT_USER;Click to select User;FALSE;FALSE
en;NEW_CHECKLIST;New CheckList;FALSE;FALSE
en;LINKED_CHECKLIST;Linked CheckList;FALSE;FALSE
en;NEW_QUESTIONNAIRE;New Questionnaire;FALSE;FALSE
en;SEQUENCE;Sequence;FALSE;FALSE
en;QUESTIONS;Questions;FALSE;FALSE
en;QUESTION_NUMBER;Question Number;FALSE;FALSE
en;QUESTION_CONTENT;Question Content;FALSE;FALSE
en;ANSWER_OPTION;Answer Option;FALSE;FALSE
en;QUESTION_INFO;Question Info;FALSE;FALSE
en;EDIT_QUESTION;Edit Question;FALSE;FALSE
en;ARE_YOU_SURE_YOU_WANT_TO_DEACTIVATE_THIS_QUESTIONNAIRE?;Are you sure you want to deactivate this Questionnaire?;FALSE;FALSE
en;ARE_YOU_SURE_YOU_WANT_TO_REACTIVATE_THIS_QUESTIONNAIRE?;Are you sure you want to reactivate this Questionnaire?;FALSE;FALSE
en;REACTIVATE;REACTIVATE;FALSE;FALSE
en;NEW_RESOURCES;New Resources;FALSE;FALSE
en;RESOURCE_INFO;Resource Info;FALSE;FALSE
en;NEW_AVAILABILITY_TIME;New Availability Time;FALSE;FALSE
en;TIME_RANGE;Time Range;FALSE;FALSE
en;SLICE_DURATION;Slice Duration;FALSE;FALSE
en;SELECT_DAYS;Select Days;FALSE;FALSE
en;SATURDAY;Saturday;FALSE;FALSE
en;SUNDAY;Sunday;FALSE;FALSE
en;MONDAY;Monday;FALSE;FALSE
en;TUESDAY;Tuesday;FALSE;FALSE
en;WEDNESDAY;Wednesday;FALSE;FALSE
en;THURSDAY;Thursday;FALSE;FALSE
en;FRIDAY;Friday;FALSE;FALSE
en;GENERATE_SLICES;GENERATE_SLICES;FALSE;FALSE
en;ARE_YOU_SURE_YOU_WANT_TO_DEACTIVATE_THIS_RESOURCE?;Are you sure you want to deactivate this Resource?;FALSE;FALSE
en;ARE_YOU_SURE_YOU_WANT_TO_REACTIVATE_THIS_RESOURCE?;Are you sure you want to reactivate this Resource?;FALSE;FALSE
en;EDIT_UOM_GROUP;Edit UOM Group;FALSE;FALSE
en;UOM_GROUP;UOM Group;FALSE;FALSE
en;UOM_UNITS;UOM Units;FALSE;FALSE
en;UOM_CONVERSION;UOM Conversion;FALSE;FALSE
en;NOTE:_ORDER_1_REPRESENTS_THE_SMALLEST_UNIT;Note: Order 1 represents the smallest unit;FALSE;FALSE
en;ADD_UNITS;ADD_UNITS;FALSE;FALSE
en;UNITS;Units;FALSE;FALSE
en;NEW/EDIT_UOM_UNITS;New/Edit UOM Units;FALSE;FALSE
en;UOM_ORDER;Uom Order;FALSE;FALSE
en;NEW/EDIT_UOM_RELATION;New/Edit UOM Relation;FALSE;FALSE
en;UOM_UNIT_FROM;Uom Unit From;FALSE;FALSE
en;UOM_UNIT_TO;Uom Unit To;FALSE;FALSE
en;ARE_YOU_SURE_YOU_WANT_TO_DEACTIVATE_THIS_UOM_GROUP?;Are you sure you want to deactivate this UOM group?;FALSE;FALSE
en;NEW/EDIT_ACTIVE_INGREDIENT;New/Edit Active Ingredient;FALSE;FALSE
en;OTC;OTC;FALSE;FALSE
en;HASSYNONYMS;hasSynonyms;FALSE;FALSE
en;ANTIMICROBIAL;Antimicrobial;FALSE;FALSE
en;HIGHRISKMED;HighRiskMed;FALSE;FALSE
en;ABORTIVEMEDICATION;AbortiveMedication;FALSE;FALSE
en;LABORINDUCINGMED;LaborInducingMed;FALSE;FALSE
en;ISCONTROLLED;isControlled;FALSE;FALSE
en;BLACKBOXWARNING;blackBoxWarning;FALSE;FALSE
en;CONTRAINDICATIONS;Contraindications;FALSE;FALSE
en;ADVERS_EFFECTS;Advers Effects;FALSE;FALSE
en;TOXICITY;Toxicity;FALSE;FALSE
en;MOA_&_PHARMACOKINETICS;MOA & Pharmacokinetics;FALSE;FALSE
en;DRUG_DRUG_&_FOOD_INTERACTIONS;Drug Drug & Food Interactions;FALSE;FALSE
en;PREGNANCY_/_LACTATION_&_SPECIAL_POPULATION;Pregnancy / Lactation & Special Population;FALSE;FALSE
en;DOSE_ADJUSTMENT;Dose Adjustment;FALSE;FALSE
en;SYNONYMS;Synonyms;FALSE;FALSE
en;RENAL_ADJUSTMENT;Renal Adjustment;FALSE;FALSE
en;HEPATIC_ADJUSTMENT;Hepatic Adjustment;FALSE;FALSE
en;CRCL_60-89_ML/MIN;CrCl 60-89 mL/min;FALSE;FALSE
en;CHILD-PUG_A;child-Pug A;FALSE;FALSE
en;DOSE_ADJ_PUG_B;Dose Adj Pug B;FALSE;FALSE
en;CHILD-PUG_C;child-Pug C;FALSE;FALSE
en;DOES_NOT_HAVE_SYNONYMS;Does not have synonyms;FALSE;FALSE
en;ICD_CODE;ICD Code;FALSE;FALSE
en;PER;Per;FALSE;FALSE
en;PHARMACOKINETICS;Pharmacokinetics;FALSE;FALSE
en;MOA;MOA;FALSE;FALSE
en;MECHANISM_OF_ACTIONS;Mechanism Of Actions;FALSE;FALSE
en;ABSORPTION;Absorption;FALSE;FALSE
en;ROUT_OF_ELIMINATION;Rout Of Elimination;FALSE;FALSE
en;VOLUME_OF_DISTRIBUTION;Volume Of Distribution;FALSE;FALSE
en;HALF-LIFE;Half-Life;FALSE;FALSE
en;PROTEIN_BINDING;Protein Binding;FALSE;FALSE
en;CLEARANCE;Clearance;FALSE;FALSE
en;METABOLISM;Metabolism;FALSE;FALSE
en;DOSAGE;Dosage;FALSE;FALSE
en;OFF-LABEL;Off-Label;FALSE;FALSE
en;DRUG-DRUG_INTERACTIONS;Drug-Drug Interactions;FALSE;FALSE
en;DESCRIPTION;Description;FALSE;FALSE
en;DRUG-FOOD_INTERACTIONS;Drug-Food Interactions;FALSE;FALSE
en;FOOD;Food;FALSE;FALSE
en;PREGNANCY_&_LACTATION;Pregnancy & Lactation;FALSE;FALSE
en;SPECIAL_POPULATION;Special Population;FALSE;FALSE
en;PREGNANCY_CATEGORY;Pregnancy Category;FALSE;FALSE
en;BREASTFEEDING_CATEGORY;Breastfeeding Category;FALSE;FALSE
en;ADDITIONAL_POPULATION;Additional Population;FALSE;FALSE
en;CONSIDERATIONS;Considerations;FALSE;FALSE
en;IS_CONTROLLED;Is Controlled;FALSE;FALSE
en;HAS_SYNONYMS;Has Synonyms;FALSE;FALSE
en;HIGH_RISK_MED;High Risk Med;FALSE;FALSE
en;LABOR_INDUCING_MED;Labor Inducing Med;FALSE;FALSE
en;BLACK_BOX_WARNING;Black Box Warning;FALSE;FALSE
en;ABORTIVE_MEDICATION;Abortive Medication;FALSE;FALSE
en;INFORMATION;Information;FALSE;FALSE
en;SUBSTITUTE;Substitute;FALSE;FALSE
en;STORAGE_REQUIREMENTS;Storage RequirementS;FALSE;FALSE
en;HIGH_COST_MEDICATION;High Cost Medication;FALSE;FALSE
en;COST_CATEGORY;Cost Category;FALSE;FALSE
en;ADD_NEW_UOM;ADD NEW UOM;FALSE;FALSE
en;NEW/EDIT_ACTIVE_INGREDIENTS;New/Edit Active Ingredients;FALSE;FALSE
en;STRENGTH;Strength;FALSE;FALSE
en;ACTIVE_INGREDIENT_NAME;Active Ingredient Name;FALSE;FALSE
en;ACTIVE_INGREDIENT_ATC_CODE;Active Ingredient ATC Code;FALSE;FALSE
en;SELECT_MEDICATION_NAME;SELECT_MEDICATION_NAME;FALSE;FALSE
en;THE_SUBSTITUTES_HAS_BEEN_SAVED_SUCCESSFULLY;The Substitutes has been saved successfully;FALSE;FALSE
en;EDIT_BRAND_MEDICATION;Edit Brand Medication;FALSE;FALSE
en;LIST_OF_VALUES_FOR_GENDER;List of Values for Gender;FALSE;FALSE
en;PARENT_LOV_VALUE;Parent LOV Value;FALSE;FALSE
en;IS_DEFAULT;Is Default;FALSE;FALSE
en;VALUE_ORDER;Value Order;FALSE;FALSE
en;VALUE_DESCRIPTION;Value Description;FALSE;FALSE
en;DISPLAY_VAULE;Display Vaule;FALSE;FALSE
en;VALUE_CODE;Value Code;FALSE;FALSE
en;LOV_CODE;Lov Code;FALSE;FALSE
en;NEW_LOV_VALUE;New LOV value;FALSE;FALSE
en;LOV_INFO;LOV Info;FALSE;FALSE
en;LOV_DISPLAY_VALUE;Lov Display Value;FALSE;FALSE
en;PARENT_VALUE_ID;Parent Value Id;FALSE;FALSE
en;SELECT_COLOR;Select Color;FALSE;FALSE
en;EDIT_LOV_VALUE;Edit LOV value;FALSE;FALSE
en;LOV_DESCRIPTION;Lov Description;FALSE;FALSE
en;DEFAULT_VALUE_ID;Default Value Id;FALSE;FALSE
en;LOV_NAME;Lov Name;FALSE;FALSE
en;EDIT_LOV;Edit LOV;FALSE;FALSE
en;LIST_OF_VALUES_FOR_ICU_PROBLEMS;List of Values for ICU Problems;FALSE;FALSE
en;EDIT_DENTAL_ACTION;Edit Dental Action;FALSE;FALSE
en;DENTAL_ACTION_INFO;Dental Action Info;FALSE;FALSE
en;NEW_DENTAL_ACTION;New Dental Action;FALSE;FALSE
en;ARE_YOU_SURE_YOU_WANT_TO_DEACTIVATE_THIS_DENTAL_ACTION?;Are you sure you want to deactivate this Dental Action?;FALSE;FALSE
en;DOSE_SCHEDULE;Dose Schedule;FALSE;FALSE
en;DOSES;Doses;FALSE;FALSE
en;INTERVAL_BETWEEN_DOSES;Interval Between Doses;FALSE;FALSE
en;VACCINE_CODE;Vaccine Code;FALSE;FALSE
en;AGE_UNTIL_UNIT;Age Until Unit;FALSE;FALSE
en;AGE_UNIT;Age Unit;FALSE;FALSE
en;AGE_UNTIL;Age Until;FALSE;FALSE
en;IS_BOOSTERT;Is Boostert;FALSE;FALSE
en;BETWEEN_DOSE;Between Dose;FALSE;FALSE
en;AND_DOSE;And Dose;FALSE;FALSE
en;ADD_DOSE;Add Dose;FALSE;FALSE
en;TO_DOSE;To Dose;FALSE;FALSE
en;VACCINE_DETAILS;Vaccine Details;FALSE;FALSE
en;EDIT_VACCINE;Edit Vaccine;FALSE;FALSE
en;BRAND_PRODUCTS;Brand Products;FALSE;FALSE
en;POST_OPENING_DURATION;Post Opening Duration;FALSE;FALSE
en;DURATION_UNIT;Duration Unit;FALSE;FALSE
en;POSSIBLE_REACTIONS;Possible Reactions;FALSE;FALSE
en;CONTRAINDICATIONS_AND_PRECAUTIONS;Contraindications And Precautions;FALSE;FALSE
en;STORAGE_AND_HANDLING;Storage And Handling;FALSE;FALSE
en;MARKETING_AUTHORIZATION_HOLDER;Marketing Authorization Holder;FALSE;FALSE
en;NEW_BRAND_PRODUCT_OF_VACCINE;New Brand Product of Vaccine;FALSE;FALSE
en;ADD_DOSE_INFO;Add Dose Info;FALSE;FALSE
en;ADD_DOSE_DETAILS;Add Dose Details;FALSE;FALSE
en;EVERY;Every;FALSE;FALSE
en;HRS;hrs;FALSE;FALSE
en;ARE_YOU_SURE_YOU_WANT_TO_REACTIVATE_THIS_SUPPLIER?;Are you sure you want to reactivate this Supplier?;FALSE;FALSE
en;ARE_YOU_SURE_YOU_WANT_TO_DEACTIVATE_THIS_SUPPLIER?;Are you sure you want to deactivate this Supplier?;FALSE;FALSE
en;NEW_ALLERGENS;New Allergens;FALSE;FALSE
en;ALLERGENS_INFO;Allergens Info;FALSE;FALSE
en;ALLERGEN_CODE;Allergen Code;FALSE;FALSE
en;ALLERGEN_NAME;Allergen Name;FALSE;FALSE
en;ALLERGEN_TYPE;Allergen Type;FALSE;FALSE
en;EDIT_ALLERGENS;Edit Allergens;FALSE;FALSE
en;ARE_YOU_SURE_YOU_WANT_TO_DEACTIVATE_THIS_ALLERGENS?;Are you sure you want to deactivate this Allergens?;FALSE;FALSE
en;NEW_AGE_GROUP;New Age Group;FALSE;FALSE
en;AGE_GROUP_INFO;Age Group Info;FALSE;FALSE
en;FROM_AGE;From Age;FALSE;FALSE
en;FROM_AGE_UNIT;From Age Unit;FALSE;FALSE
en;TO_AGE;To Age;FALSE;FALSE
en;EDIT_AGE_GROUP;Edit Age Group;FALSE;FALSE
en;NEW_PROCEDURE;New Procedure;FALSE;FALSE
en;CODING;Coding;FALSE;FALSE
en;PROCEDURE_CODE;Procedure Code;FALSE;FALSE
en;PREPARATION_INSTRUCTIONS;Preparation Instructions;FALSE;FALSE
en;RECOVERY_NOTES;Recovery Notes;FALSE;FALSE
en;CODE_TYPE;Code Type;FALSE;FALSE
en;INTERNATIONAL_CODE;international Code;FALSE;FALSE
en;NEW_CODE;New Code;FALSE;FALSE
en;PRICE,CURRENCY;Price,Currency;FALSE;FALSE
en;PRICE_LIST_NAME;Price List Name;FALSE;FALSE
en;EDIT_PROCEDURE;Edit Procedure;FALSE;FALSE
en;NEW_OPERATION;New operation;FALSE;FALSE
en;OPERATION_CODE;Operation Code;FALSE;FALSE
en;NEW_PRICE_LIST;New Price List;FALSE;FALSE
en;PRICE_LIST;Price List;FALSE;FALSE
en;CHOOSE_PRICE_LIST;Choose Price List;FALSE;FALSE
en;ARE_YOU_SURE_YOU_WANT_TO_REACTIVATE_THIS_PURCHASE_TYPE?;Are you sure you want to reactivate this Purchase Type?;FALSE;FALSE
en;ARE_YOU_SURE_YOU_WANT_TO_DEACTIVATE_THIS_PURCHASE_TYPE?;Are you sure you want to deactivate this Purchase Type?;FALSE;FALSE
en;PURCHASE_APPROVAL_SETTINGS;Purchase Approval Settings;FALSE;FALSE
en;NEW_SERVICE;New Service;FALSE;FALSE
en;SERVICE_INFO;Service Info;FALSE;FALSE
en;NEW/EDIT_THERAPEUTIC_CATEGORY;New/Edit Therapeutic Category;FALSE;FALSE
en;BLOOD_LOWERING_AGENTS;Blood Lowering Agents;FALSE;FALSE
en;NEW/EDIT_MEDICATION_CLASS;New/Edit Medication Class;FALSE;FALSE
en;EDIT_DIAGNOSTIC_TEST;Edit Diagnostic Test;FALSE;FALSE
en;SPECIAL_NOTES;Special Notes;FALSE;FALSE
en;GENDER_SPECIFIC;Gender Specific;FALSE;FALSE
en;AGE_SPECIFIC;Age Specific;FALSE;FALSE
en;NEW_DIAGNOSTIC_TEST;New Diagnostic Test;FALSE;FALSE
en;LAB_CATALOG;Lab Catalog;FALSE;FALSE
en;PROPERTY;Property;FALSE;FALSE
en;TIMING;Timing;FALSE;FALSE
en;SCALE;Scale;FALSE;FALSE
en;METHOD;Method;FALSE;FALSE
en;REAGENTS;Reagents;FALSE;FALSE
en;TEST_DURATION_TIME;Test Duration Time;FALSE;FALSE
en;RESULT_TYPE;Result Type;FALSE;FALSE
en;RESULT_UNIT;Result Unit;FALSE;FALSE
en;TEST_DESCRIPTION;Test Description;FALSE;FALSE
en;SAMPLE_HANDLING;Sample Handling;FALSE;FALSE
en;TURNAROUND_TIME;Turnaround Time;FALSE;FALSE
en;TURNAROUND_TIME_UNIT;Turnaround Time Unit;FALSE;FALSE
en;PREPARATION_REQUIREMENTS;Preparation Requirements;FALSE;FALSE
en;MEDICAL_INDICATIONS;Medical Indications;FALSE;FALSE
en;ASSOCIATED_RISKS;Associated Risks;FALSE;FALSE
en;TEST_INSTRUCTIONS;Test Instructions;FALSE;FALSE
en;ARE_YOU_SURE_YOU_WANT_TO_DEACTIVATE_THIS_DIAGNOSTIC_TEST?;Are you sure you want to deactivate this Diagnostic Test?;FALSE;FALSE
en;NORMAL_RANGES;Normal Ranges;FALSE;FALSE
en;LOV_VALUES;LOV Values;FALSE;FALSE
en;AGE_FROM_-_TO;Age From - To;FALSE;FALSE
en;NEW_NORMAL_RANGE;New Normal Range;FALSE;FALSE
en;AGE_FROM;Age From;FALSE;FALSE
en;AGE_TO;Age To;FALSE;FALSE
en;CRITICAL_VALUE;Critical Value;FALSE;FALSE
en;NEW_CATALOG;New Catalog;FALSE;FALSE
en;CATALOG_INFO;Catalog Info;FALSE;FALSE
en;EDIT_CATALOG;Edit Catalog;FALSE;FALSE
en;ADD_TESTS;Add Tests;FALSE;FALSE
en;ARE_YOU_SURE_YOU_WANT_TO_DEACTIVATE_THIS_CATALOG?;Are you sure you want to deactivate this Catalog?;FALSE;FALSE
en;ARE_YOU_SURE_YOU_WANT_TO_REACTIVATE_THIS_CATALOG?;Are you sure you want to reactivate this Catalog?;FALSE;FALSE
en;NEW_RULE;New Rule;FALSE;FALSE
en;RULE_INFO;Rule Info;FALSE;FALSE
en;EDIT_RULE;Edit Rule;FALSE;FALSE
en;LINKED_FACILITIES;Linked Facilities;FALSE;FALSE
en;ARE_YOU_SURE_YOU_WANT_TO_DEACTIVATE_THIS_VISIT_DURATION?;Are you sure you want to deactivate this Visit Duration?;FALSE;FALSE
en;ARE_YOU_SURE_YOU_WANT_TO_REACTIVATE_THIS_VISIT_DURATION?;Are you sure you want to reactivate this Visit Duration?;FALSE;FALSE
en;ADD_NEW_ROOM;Add New Room;FALSE;FALSE
en;BED_SPECIFIC;Bed Specific;FALSE;FALSE
en;BED_NAME;Bed Name;FALSE;FALSE
en;ADD_SERVICE;Add Service;FALSE;FALSE
en;HAS_SPACIFIC_BED;Has Spacific Bed;FALSE;FALSE
en;NEW_BED;New Bed;FALSE;FALSE
en;BED_TYPE;Bed Type;FALSE;FALSE
en;EDIT_ROOM_INFORMATION;Edit Room Information;FALSE;FALSE
en;ARE_YOU_SURE_YOU_WANT_TO_DEACTIVATE_THIS_ROOM?;Are you sure you want to deactivate this Room?;FALSE;FALSE
en;ARE_YOU_SURE_YOU_WANT_TO_REACTIVATE_THIS_ROOM?;Are you sure you want to reactivate this Room?;FALSE;FALSE
en;EDIT_PRESCRIPTION_INSTRUCTION;Edit Prescription Instruction;FALSE;FALSE
en;PRESCRIPTION_INSTRUCTION_INFO;Prescription Instruction Info;FALSE;FALSE
en;NEW_PRESCRIPTION_INSTRUCTION;New Prescription Instruction;FALSE;FALSE
en;ARE_YOU_SURE_YOU_WANT_TO_DEACTIVATE_THIS_VACCINE?;Are you sure you want to deactivate this Vaccine?;FALSE;FALSE
en;ARE_YOU_SURE_YOU_WANT_TO_REACTIVATE_THIS_VACCINE?;Are you sure you want to reactivate this Vaccine?;FALSE;FALSE
en;ARE_YOU_SURE_YOU_WANT_TO_DEACTIVATE_THIS_ROLE?;Are you sure you want to deactivate this Role?;FALSE;FALSE
en;ARE_YOU_SURE_YOU_WANT_TO_REACTIVATE_THIS_ROLE?;Are you sure you want to reactivate this Role?;FALSE;FALSE
en;TEST_CODE;Test Code;FALSE;FALSE
en;TEST;Test;FALSE;FALSE
en;ADD_CODE;Add Code;FALSE;FALSE
